YY,MM,DD,hh,mm,WDIR,WSPD,GST,WVHT,DPD,APD,MWD,PRES,ATMP,WTMP,DEWP,VIS,PTDY,TIDE
2021,12,21,20,0,300,3.6,10.3,MM,MM,MM,MM,MM,15,MM,10,8.7,MM,MM
2021,12,21,19,55,300,3.6,9.3,MM,MM,MM,MM,MM,15,MM,10,8.7,MM,MM
2021,12,21,19,35,MM,3.1,6.2,MM,MM,MM,MM,MM,15,MM,10,8.7,MM,MM
2021,12,21,19,15,300,4.1,8.8,MM,MM,MM,MM,MM,16,MM,10,8.7,MM,MM
2021,12,21,18,55,MM,3.1,8.8,MM,MM,MM,MM,MM,16,MM,10,8.7,MM,MM
2021,12,21,18,35,MM,2.6,7.2,MM,MM,MM,MM,MM,16,MM,10,8.7,MM,MM
2021,12,21,18,15,300,3.6,8.2,MM,MM,MM,MM,MM,16,MM,11,8.7,MM,MM
2021,12,21,17,55,310,3.6,8.2,MM,MM,MM,MM,MM,16,MM,11,8.7,MM,MM
2021,12,21,17,35,MM,2.6,8.8,MM,MM,MM,MM,MM,15,MM,11,8.7,MM,MM
2021,12,21,17,15,300,3.6,7.2,MM,MM,MM,MM,MM,15,MM,12,8.7,MM,MM
2021,12,21,16,55,310,4.1,6.7,MM,MM,MM,MM,MM,15,MM,12,1.7,MM,MM
2021,12,21,16,35,MM,3.1,8.2,MM,MM,MM,MM,MM,16,MM,12,8.7,MM,MM
2021,12,21,16,15,310,3.6,MM,MM,MM,MM,MM,MM,16,MM,12,8.7,MM,MM
2021,12,21,15,55,310,3.6,7.7,MM,MM,MM,MM,MM,16,MM,12,8.7,MM,MM
2021,12,21,15,35,MM,3.1,10.3,MM,MM,MM,MM,MM,16,MM,12,8.7,MM,MM
2021,12,21,15,15,MM,2.6,5.1,MM,MM,MM,MM,MM,15,MM,13,4.3,MM,MM
2021,12,21,14,55,MM,2.6,7.7,MM,MM,MM,MM,MM,16,MM,13,7,MM,MM
2021,12,21,14,35,MM,2.6,10.8,MM,MM,MM,MM,MM,16,MM,13,6.1,MM,MM
2021,12,21,14,15,300,6.2,9.8,MM,MM,MM,MM,MM,16,MM,13,7,MM,MM
2021,12,21,13,55,310,6.7,9.8,MM,MM,MM,MM,MM,16,MM,14,4.3,MM,MM
2021,12,21,13,35,MM,3.1,8.8,MM,MM,MM,MM,MM,15,MM,13,2.2,MM,MM
2021,12,21,13,15,310,4.1,10.3,MM,MM,MM,MM,MM,16,MM,13,6.1,MM,MM
2021,12,21,12,55,MM,1.5,5.7,MM,MM,MM,MM,MM,16,MM,14,3.5,MM,MM
2021,12,21,12,35,MM,2.1,7.2,MM,MM,MM,MM,MM,16,MM,14,7,MM,MM
2021,12,21,12,15,MM,2.6,5.1,MM,MM,MM,MM,MM,16,MM,14,5.2,MM,MM
2021,12,21,11,55,MM,2.1,MM,MM,MM,MM,MM,MM,17,MM,14,3.5,MM,MM
2021,12,21,11,35,MM,2.1,MM,MM,MM,MM,MM,MM,17,MM,14,8.7,MM,MM
2021,12,21,11,15,0,MM,5.7,MM,MM,MM,MM,MM,17,MM,14,8.7,MM,MM
2021,12,21,10,55,MM,2.6,MM,MM,MM,MM,MM,MM,17,MM,15,8.7,MM,MM
2021,12,21,10,35,MM,2.1,5.7,MM,MM,MM,MM,MM,18,MM,15,8.7,MM,MM
2021,12,21,10,15,MM,3.1,MM,MM,MM,MM,MM,MM,18,MM,15,7.8,MM,MM
2021,12,21,9,55,MM,2.6,5.1,MM,MM,MM,MM,MM,18,MM,15,8.7,MM,MM
2021,12,21,9,35,MM,3.1,5.7,MM,MM,MM,MM,MM,18,MM,15,8.7,MM,MM
2021,12,21,9,15,MM,3.1,MM,MM,MM,MM,MM,MM,18,MM,16,8.7,MM,MM
2021,12,21,8,55,340,3.6,10.3,MM,MM,MM,MM,MM,18,MM,16,6.1,MM,MM
2021,12,21,8,35,MM,2.1,MM,MM,MM,MM,MM,MM,18,MM,16,2.6,MM,MM
2021,12,21,8,15,MM,3.1,MM,MM,MM,MM,MM,MM,18,MM,16,8.7,MM,MM
2021,12,21,7,55,MM,2.6,8.2,MM,MM,MM,MM,MM,18,MM,16,7,MM,MM
2021,12,21,7,35,MM,2.6,8.2,MM,MM,MM,MM,MM,18,MM,16,8.7,MM,MM
2021,12,21,7,15,MM,2.6,9.8,MM,MM,MM,MM,MM,18,MM,16,7.8,MM,MM
2021,12,21,6,55,30,9.8,MM,MM,MM,MM,MM,MM,18,MM,16,8.7,MM,MM
2021,12,21,6,35,20,8.8,MM,MM,MM,MM,MM,MM,17,MM,16,8.7,MM,MM
2021,12,21,6,15,20,8.8,MM,MM,MM,MM,MM,MM,18,MM,16,1.7,MM,MM
2021,12,21,5,55,30,8.2,10.8,MM,MM,MM,MM,MM,18,MM,16,1.1,MM,MM
2021,12,21,5,35,20,10.8,MM,MM,MM,MM,MM,MM,18,MM,16,1.3,MM,MM
2021,12,21,5,15,MM,2.6,8.2,MM,MM,MM,MM,MM,18,MM,16,1.7,MM,MM
2021,12,21,4,55,20,7.7,10.8,MM,MM,MM,MM,MM,18,MM,16,1.7,MM,MM
2021,12,21,4,35,20,7.7,MM,MM,MM,MM,MM,MM,18,MM,16,1.7,MM,MM
2021,12,21,4,15,20,7.7,11.8,MM,MM,MM,MM,MM,18,MM,15,4.3,MM,MM
2021,12,21,3,55,30,6.2,MM,MM,MM,MM,MM,MM,19,MM,15,6.1,MM,MM
2021,12,21,3,35,30,8.2,10.8,MM,MM,MM,MM,MM,19,MM,14,8.7,MM,MM
2021,12,21,3,15,30,8.2,11.3,MM,MM,MM,MM,MM,19,MM,14,8.7,MM,MM
2021,12,21,2,55,30,7.2,MM,MM,MM,MM,MM,MM,18,MM,13,8.7,MM,MM
2021,12,21,2,35,50,7.7,12.9,MM,MM,MM,MM,MM,18,MM,13,8.7,MM,MM
2021,12,21,2,15,50,6.7,11.3,MM,MM,MM,MM,MM,18,MM,14,8.7,MM,MM
2021,12,21,1,55,50,10.3,13.4,MM,MM,MM,MM,MM,18,MM,13,8.7,MM,MM
2021,12,21,1,35,50,8.2,12.9,MM,MM,MM,MM,MM,18,MM,13,8.7,MM,MM
2021,12,21,1,15,60,11.8,14.4,MM,MM,MM,MM,MM,18,MM,14,8.7,MM,MM
2021,12,21,0,55,60,12.4,14.9,MM,MM,MM,MM,MM,17,MM,14,8.7,MM,MM
2021,12,21,0,35,60,13.4,MM,MM,MM,MM,MM,MM,17,MM,13,2.6,MM,MM
2021,12,21,0,15,50,10.8,MM,MM,MM,MM,MM,MM,17,MM,14,8.7,MM,MM
2021,12,20,23,55,60,12.4,MM,MM,MM,MM,MM,MM,17,MM,13,8.7,MM,MM
2021,12,20,23,35,50,8.8,12.4,MM,MM,MM,MM,MM,17,MM,14,4.3,MM,MM
2021,12,20,23,15,50,8.8,12.4,MM,MM,MM,MM,MM,16,MM,13,8.7,MM,MM
2021,12,20,22,55,60,11.8,MM,MM,MM,MM,MM,MM,16,MM,12,2.6,MM,MM
2021,12,20,22,35,60,10.3,MM,MM,MM,MM,MM,MM,16,MM,13,2.2,MM,MM
2021,12,20,22,15,70,10.8,MM,MM,MM,MM,MM,MM,16,MM,13,2.2,MM,MM
2021,12,20,21,55,60,9.8,MM,MM,MM,MM,MM,MM,16,MM,13,1.7,MM,MM
2021,12,20,21,35,50,7.7,12.4,MM,MM,MM,MM,MM,16,MM,13,2.6,MM,MM
2021,12,20,21,15,40,6.7,11.8,MM,MM,MM,MM,MM,16,MM,13,2.6,MM,MM
2021,12,20,20,55,40,5.7,11.3,MM,MM,MM,MM,MM,16,MM,12,7,MM,MM
2021,12,20,20,35,30,6.7,11.3,MM,MM,MM,MM,MM,16,MM,13,1.7,MM,MM
2021,12,20,20,15,50,6.7,10.3,MM,MM,MM,MM,MM,16,MM,13,3.5,MM,MM
2021,12,20,19,55,30,6.7,11.8,MM,MM,MM,MM,MM,16,MM,13,6.1,MM,MM
2021,12,20,19,35,20,8.8,12.4,MM,MM,MM,MM,MM,16,MM,12,8.7,MM,MM
2021,12,20,19,15,30,9.3,11.8,MM,MM,MM,MM,MM,16,MM,14,7,MM,MM
2021,12,20,18,55,30,5.1,8.2,MM,MM,MM,MM,MM,16,MM,13,4.3,MM,MM
2021,12,20,18,35,30,4.1,MM,MM,MM,MM,MM,MM,16,MM,13,2.2,MM,MM
2021,12,20,18,15,40,4.6,8.2,MM,MM,MM,MM,MM,16,MM,13,1.7,MM,MM
2021,12,20,17,55,40,5.1,8.2,MM,MM,MM,MM,MM,16,MM,13,1.5,MM,MM
2021,12,20,17,35,30,4.6,MM,MM,MM,MM,MM,MM,16,MM,13,1.1,MM,MM
2021,12,20,17,15,30,7.2,MM,MM,MM,MM,MM,MM,16,MM,13,1.3,MM,MM
2021,12,20,16,55,30,6.2,MM,MM,MM,MM,MM,MM,17,MM,14,1.7,MM,MM
2021,12,20,16,35,40,5.1,7.7,MM,MM,MM,MM,MM,17,MM,14,2.2,MM,MM
2021,12,20,16,15,60,8.8,MM,MM,MM,MM,MM,MM,17,MM,14,2.6,MM,MM
2021,12,20,15,55,60,7.7,10.3,MM,MM,MM,MM,MM,17,MM,14,2.2,MM,MM
2021,12,20,15,35,50,6.7,MM,MM,MM,MM,MM,MM,17,MM,14,2.6,MM,MM
2021,12,20,15,15,50,6.7,9.3,MM,MM,MM,MM,MM,17,MM,14,2.2,MM,MM
2021,12,20,14,55,50,6.2,MM,MM,MM,MM,MM,MM,17,MM,14,1.7,MM,MM
2021,12,20,14,35,50,5.7,8.2,MM,MM,MM,MM,MM,17,MM,14,5.2,MM,MM
2021,12,20,14,15,40,4.6,8.8,MM,MM,MM,MM,MM,17,MM,14,2.6,MM,MM
2021,12,20,13,55,40,6.7,9.8,MM,MM,MM,MM,MM,17,MM,13,3.5,MM,MM
2021,12,20,13,35,30,6.2,9.3,MM,MM,MM,MM,MM,17,MM,13,7.8,MM,MM
2021,12,20,13,15,30,6.2,9.8,MM,MM,MM,MM,MM,17,MM,14,8.7,MM,MM
2021,12,20,12,55,50,6.7,MM,MM,MM,MM,MM,MM,17,MM,14,8.7,MM,MM
2021,12,20,12,35,40,6.2,MM,MM,MM,MM,MM,MM,16,MM,13,8.7,MM,MM
2021,12,20,12,15,50,7.7,10.3,MM,MM,MM,MM,MM,16,MM,13,8.7,MM,MM
2021,12,20,11,55,40,6.2,9.3,MM,MM,MM,MM,MM,16,MM,14,8.7,MM,MM
2021,12,20,11,35,30,5.7,9.8,MM,MM,MM,MM,MM,16,MM,13,7,MM,MM
2021,12,20,11,15,60,7.2,MM,MM,MM,MM,MM,MM,16,MM,13,3.5,MM,MM
2021,12,20,10,55,40,3.1,7.2,MM,MM,MM,MM,MM,16,MM,13,7,MM,MM
2021,12,20,10,35,50,3.1,6.7,MM,MM,MM,MM,MM,16,MM,13,8.7,MM,MM
2021,12,20,10,15,20,5.1,8.2,MM,MM,MM,MM,MM,16,MM,13,8.7,MM,MM
2021,12,20,9,55,40,4.6,8.8,MM,MM,MM,MM,MM,16,MM,13,8.7,MM,MM
2021,12,20,9,35,30,8.2,MM,MM,MM,MM,MM,MM,16,MM,13,8.7,MM,MM
2021,12,20,9,15,20,7.2,10.3,MM,MM,MM,MM,MM,16,MM,13,8.7,MM,MM
2021,12,20,8,55,30,6.7,9.8,MM,MM,MM,MM,MM,16,MM,13,8.7,MM,MM
2021,12,20,8,35,30,5.7,9.8,MM,MM,MM,MM,MM,16,MM,13,8.7,MM,MM
2021,12,20,8,15,20,9.3,MM,MM,MM,MM,MM,MM,16,MM,13,8.7,MM,MM
2021,12,20,7,55,30,7.2,MM,MM,MM,MM,MM,MM,16,MM,13,8.7,MM,MM
2021,12,20,7,35,30,5.1,8.2,MM,MM,MM,MM,MM,16,MM,13,8.7,MM,MM
2021,12,20,7,15,40,5.7,9.8,MM,MM,MM,MM,MM,16,MM,13,8.7,MM,MM
2021,12,20,6,55,30,7.2,MM,MM,MM,MM,MM,MM,16,MM,13,8.7,MM,MM
2021,12,20,6,35,30,5.1,7.7,MM,MM,MM,MM,MM,16,MM,13,8.7,MM,MM
2021,12,20,6,15,30,7.2,11.3,MM,MM,MM,MM,MM,16,MM,13,8.7,MM,MM
2021,12,20,5,55,30,7.2,11.3,MM,MM,MM,MM,MM,16,MM,13,8.7,MM,MM
2021,12,20,5,35,30,6.2,10.3,MM,MM,MM,MM,MM,16,MM,13,8.7,MM,MM
2021,12,20,5,15,20,7.2,MM,MM,MM,MM,MM,MM,17,MM,13,8.7,MM,MM
2021,12,20,4,55,20,8.8,MM,MM,MM,MM,MM,MM,17,MM,13,8.7,MM,MM
2021,12,20,4,35,MM,3.1,9.8,MM,MM,MM,MM,MM,17,MM,13,8.7,MM,MM
2021,12,20,4,15,20,7.7,MM,MM,MM,MM,MM,MM,17,MM,13,8.7,MM,MM
2021,12,20,3,55,20,5.7,11.3,MM,MM,MM,MM,MM,16,MM,13,8.7,MM,MM
2021,12,20,3,35,30,8.8,11.3,MM,MM,MM,MM,MM,17,MM,14,8.7,MM,MM
2021,12,20,3,15,MM,2.1,10.3,MM,MM,MM,MM,MM,17,MM,13,8.7,MM,MM
2021,12,20,2,55,350,3.6,10.3,MM,MM,MM,MM,MM,17,MM,13,8.7,MM,MM
2021,12,20,2,35,MM,3.1,10.3,MM,MM,MM,MM,MM,17,MM,14,8.7,MM,MM
2021,12,20,2,15,20,5.7,12.9,MM,MM,MM,MM,MM,17,MM,14,8.7,MM,MM
2021,12,20,1,55,360,5.1,13.4,MM,MM,MM,MM,MM,17,MM,14,8.7,MM,MM
2021,12,20,1,35,10,4.6,11.8,MM,MM,MM,MM,MM,17,MM,14,8.7,MM,MM
2021,12,20,1,15,10,6.2,11.3,MM,MM,MM,MM,MM,18,MM,14,8.7,MM,MM
2021,12,20,0,55,10,6.2,12.4,MM,MM,MM,MM,MM,17,MM,14,8.7,MM,MM
2021,12,20,0,35,20,7.7,11.3,MM,MM,MM,MM,MM,18,MM,15,8.7,MM,MM
2021,12,20,0,15,20,11.3,MM,MM,MM,MM,MM,MM,18,MM,14,8.7,MM,MM
2021,12,19,23,55,20,8.2,11.3,MM,MM,MM,MM,MM,18,MM,14,8.7,MM,MM
2021,12,19,23,35,350,4.1,10.3,MM,MM,MM,MM,MM,18,MM,15,8.7,MM,MM
2021,12,19,23,15,MM,3.1,10.3,MM,MM,MM,MM,MM,18,MM,15,8.7,MM,MM
2021,12,19,22,55,20,8.2,11.3,MM,MM,MM,MM,MM,18,MM,15,8.7,MM,MM
2021,12,19,22,35,MM,5.1,9.8,MM,MM,MM,MM,MM,18,MM,15,8.7,MM,MM
2021,12,19,22,15,MM,3.1,10.8,MM,MM,MM,MM,MM,18,MM,15,8.7,MM,MM
2021,12,19,21,55,360,4.6,11.8,MM,MM,MM,MM,MM,18,MM,15,8.7,MM,MM
2021,12,19,21,35,10,6.2,12.4,MM,MM,MM,MM,MM,18,MM,15,8.7,MM,MM
2021,12,19,21,15,20,11.3,MM,MM,MM,MM,MM,MM,18,MM,15,8.7,MM,MM
2021,12,19,20,55,20,9.8,MM,MM,MM,MM,MM,MM,18,MM,15,8.7,MM,MM
2021,12,19,20,35,10,4.1,12.9,MM,MM,MM,MM,MM,18,MM,15,8.7,MM,MM
2021,12,19,20,15,10,5.7,11.8,MM,MM,MM,MM,MM,18,MM,16,7.8,MM,MM
2021,12,19,19,55,MM,2.6,8.2,MM,MM,MM,MM,MM,20,MM,16,8.7,MM,MM
2021,12,19,19,35,MM,2.1,MM,MM,MM,MM,MM,MM,20,MM,17,8.7,MM,MM
2021,12,19,19,15,MM,2.6,7.7,MM,MM,MM,MM,MM,21,MM,17,8.7,MM,MM
2021,12,19,18,55,MM,2.6,5.1,MM,MM,MM,MM,MM,21,MM,17,8.7,MM,MM
2021,12,19,18,35,MM,2.1,5.1,MM,MM,MM,MM,MM,21,MM,17,8.7,MM,MM
2021,12,19,18,15,MM,2.6,9.8,MM,MM,MM,MM,MM,21,MM,17,8.7,MM,MM
2021,12,19,17,55,MM,2.6,8.2,MM,MM,MM,MM,MM,21,MM,16,8.7,MM,MM
2021,12,19,17,35,350,5.1,10.3,MM,MM,MM,MM,MM,21,MM,17,8.7,MM,MM
2021,12,19,17,15,MM,2.6,12.4,MM,MM,MM,MM,MM,21,MM,17,8.7,MM,MM
2021,12,19,16,55,MM,2.1,9.3,MM,MM,MM,MM,MM,21,MM,17,8.7,MM,MM
2021,12,19,16,35,MM,2.1,7.2,MM,MM,MM,MM,MM,21,MM,18,8.7,MM,MM
2021,12,19,16,15,MM,3.1,8.8,MM,MM,MM,MM,MM,21,MM,18,8.7,MM,MM
2021,12,19,15,55,MM,2.6,MM,MM,MM,MM,MM,MM,22,MM,18,8.7,MM,MM
2021,12,19,15,35,MM,2.6,MM,MM,MM,MM,MM,MM,22,MM,18,8.7,MM,MM
2021,12,19,15,15,MM,0,MM,MM,MM,MM,MM,MM,22,MM,18,8.7,MM,MM
2021,12,19,14,55,MM,2.1,MM,MM,MM,MM,MM,MM,22,MM,19,8.7,MM,MM
2021,12,19,14,35,MM,0,MM,MM,MM,MM,MM,MM,22,MM,19,8.7,MM,MM
2021,12,19,14,15,MM,2.1,MM,MM,MM,MM,MM,MM,22,MM,19,8.7,MM,MM
2021,12,19,13,55,MM,2.6,MM,MM,MM,MM,MM,MM,23,MM,20,8.7,MM,MM
2021,12,19,13,35,MM,2.1,MM,MM,MM,MM,MM,MM,23,MM,20,8.7,MM,MM
2021,12,19,13,15,MM,0,MM,MM,MM,MM,MM,MM,22,MM,20,8.7,MM,MM
2021,12,19,12,55,MM,0,MM,MM,MM,MM,MM,MM,22,MM,20,8.7,MM,MM
2021,12,19,12,35,MM,0,MM,MM,MM,MM,MM,MM,23,MM,20,8.7,MM,MM
2021,12,19,12,15,80,2.1,MM,MM,MM,MM,MM,MM,22,MM,20,8.7,MM,MM
2021,12,19,11,55,130,3.6,MM,MM,MM,MM,MM,MM,22,MM,20,8.7,MM,MM
2021,12,19,11,35,130,4.6,MM,MM,MM,MM,MM,MM,22,MM,20,8.7,MM,MM
2021,12,19,11,15,120,4.1,MM,MM,MM,MM,MM,MM,22,MM,19,8.7,MM,MM
2021,12,19,10,55,60,5.1,MM,MM,MM,MM,MM,MM,21,MM,19,8.7,MM,MM
2021,12,19,10,35,50,3.1,MM,MM,MM,MM,MM,MM,21,MM,19,8.7,MM,MM
2021,12,19,10,15,60,6.2,MM,MM,MM,MM,MM,MM,21,MM,19,8.7,MM,MM
2021,12,19,9,55,MM,2.1,8.8,MM,MM,MM,MM,MM,21,MM,19,8.7,MM,MM
2021,12,19,9,35,MM,1.5,MM,MM,MM,MM,MM,MM,21,MM,19,7.8,MM,MM
2021,12,19,9,15,MM,2.6,MM,MM,MM,MM,MM,MM,21,MM,19,8.7,MM,MM
2021,12,19,8,55,MM,2.6,5.7,MM,MM,MM,MM,MM,21,MM,20,6.1,MM,MM
2021,12,19,8,35,300,5.1,11.3,MM,MM,MM,MM,MM,21,MM,20,0.4,MM,MM
2021,12,19,8,15,MM,6.7,12.9,MM,MM,MM,MM,MM,23,MM,21,7,MM,MM
2021,12,19,7,55,210,4.1,MM,MM,MM,MM,MM,MM,24,MM,21,8.7,MM,MM
2021,12,19,7,35,MM,2.6,MM,MM,MM,MM,MM,MM,24,MM,21,8.7,MM,MM
2021,12,19,7,15,0,MM,5.1,MM,MM,MM,MM,MM,24,MM,20,8.7,MM,MM
2021,12,19,6,55,220,3.6,MM,MM,MM,MM,MM,MM,24,MM,20,8.7,MM,MM
2021,12,19,6,35,220,4.1,MM,MM,MM,MM,MM,MM,24,MM,21,8.7,MM,MM
2021,12,19,6,15,220,3.6,MM,MM,MM,MM,MM,MM,24,MM,21,8.7,MM,MM
2021,12,19,5,55,MM,3.1,MM,MM,MM,MM,MM,MM,23,MM,22,8.7,MM,MM
2021,12,19,5,35,MM,3.1,6.2,MM,MM,MM,MM,MM,24,MM,23,7.8,MM,MM
2021,12,19,5,15,200,5.7,MM,MM,MM,MM,MM,MM,24,MM,23,7.8,MM,MM
2021,12,19,4,55,210,5.7,MM,MM,MM,MM,MM,MM,24,MM,23,1.3,MM,MM
2021,12,19,4,35,210,5.1,MM,MM,MM,MM,MM,MM,24,MM,23,6.1,MM,MM
2021,12,19,4,15,200,6.2,MM,MM,MM,MM,MM,MM,24,MM,23,6.1,MM,MM
2021,12,19,3,55,200,5.1,MM,MM,MM,MM,MM,MM,24,MM,23,6.1,MM,MM
2021,12,19,3,35,200,5.1,MM,MM,MM,MM,MM,MM,24,MM,23,6.1,MM,MM
2021,12,19,3,15,MM,3.1,6.7,MM,MM,MM,MM,MM,24,MM,23,6.1,MM,MM
2021,12,19,2,55,190,4.6,7.2,MM,MM,MM,MM,MM,24,MM,23,5.2,MM,MM
2021,12,19,2,35,200,5.7,MM,MM,MM,MM,MM,MM,24,MM,23,4.3,MM,MM
2021,12,19,2,15,210,6.7,MM,MM,MM,MM,MM,MM,24,MM,23,6.1,MM,MM
2021,12,19,1,55,210,7.7,MM,MM,MM,MM,MM,MM,24,MM,23,6.1,MM,MM
2021,12,19,1,35,210,6.7,MM,MM,MM,MM,MM,MM,24,MM,22,8.7,MM,MM
2021,12,19,1,15,210,6.2,MM,MM,MM,MM,MM,MM,24,MM,22,7.8,MM,MM
2021,12,19,0,55,210,5.7,MM,MM,MM,MM,MM,MM,24,MM,22,8.7,MM,MM
2021,12,19,0,35,200,6.7,MM,MM,MM,MM,MM,MM,24,MM,22,7,MM,MM
2021,12,19,0,15,190,5.1,MM,MM,MM,MM,MM,MM,24,MM,22,6.1,MM,MM
2021,12,18,23,55,190,5.7,MM,MM,MM,MM,MM,MM,24,MM,22,7.8,MM,MM
2021,12,18,23,35,190,5.7,MM,MM,MM,MM,MM,MM,24,MM,22,7,MM,MM
2021,12,18,23,15,200,4.6,MM,MM,MM,MM,MM,MM,24,MM,22,5.2,MM,MM
2021,12,18,22,55,210,6.2,MM,MM,MM,MM,MM,MM,24,MM,22,8.7,MM,MM
2021,12,18,22,35,MM,3.6,7.2,MM,MM,MM,MM,MM,24,MM,22,5.2,MM,MM
2021,12,18,22,15,210,6.7,MM,MM,MM,MM,MM,MM,24,MM,22,5.2,MM,MM
2021,12,18,21,55,210,6.7,MM,MM,MM,MM,MM,MM,24,MM,22,7,MM,MM
2021,12,18,21,35,210,7.7,MM,MM,MM,MM,MM,MM,24,MM,22,6.1,MM,MM
2021,12,18,21,15,200,10.8,MM,MM,MM,MM,MM,MM,24,MM,22,4.3,MM,MM
2021,12,18,20,55,200,8.2,MM,MM,MM,MM,MM,MM,24,MM,23,3.5,MM,MM
2021,12,18,20,35,200,9.3,MM,MM,MM,MM,MM,MM,24,MM,23,3.5,MM,MM
2021,12,18,20,15,200,5.7,MM,MM,MM,MM,MM,MM,24,MM,23,4.3,MM,MM
2021,12,18,19,55,200,5.1,7.7,MM,MM,MM,MM,MM,24,MM,22,5.2,MM,MM
2021,12,18,19,35,180,5.1,7.7,MM,MM,MM,MM,MM,24,MM,22,7,MM,MM
2021,12,18,19,15,160,4.6,7.7,MM,MM,MM,MM,MM,24,MM,22,7.8,MM,MM
2021,12,18,18,55,150,5.7,MM,MM,MM,MM,MM,MM,24,MM,22,7.8,MM,MM
2021,12,18,18,35,150,5.1,8.2,MM,MM,MM,MM,MM,24,MM,22,8.7,MM,MM
2021,12,18,18,15,160,6.2,MM,MM,MM,MM,MM,MM,24,MM,22,7.8,MM,MM
2021,12,18,17,55,160,6.2,MM,MM,MM,MM,MM,MM,24,MM,22,7,MM,MM
2021,12,18,17,35,170,4.1,6.7,MM,MM,MM,MM,MM,24,MM,22,4.3,MM,MM
2021,12,18,17,15,160,5.1,MM,MM,MM,MM,MM,MM,24,MM,22,4.3,MM,MM
2021,12,18,16,55,150,6.2,MM,MM,MM,MM,MM,MM,24,MM,22,4.3,MM,MM
2021,12,18,16,35,150,6.7,MM,MM,MM,MM,MM,MM,24,MM,22,5.2,MM,MM
2021,12,18,16,15,150,6.2,MM,MM,MM,MM,MM,MM,24,MM,22,6.1,MM,MM
2021,12,18,15,55,150,6.2,MM,MM,MM,MM,MM,MM,24,MM,22,4.3,MM,MM
2021,12,18,15,35,150,6.2,MM,MM,MM,MM,MM,MM,24,MM,23,4.3,MM,MM
2021,12,18,15,15,150,5.7,MM,MM,MM,MM,MM,MM,24,MM,23,3.5,MM,MM
2021,12,18,14,55,160,5.7,8.8,MM,MM,MM,MM,MM,24,MM,23,3.5,MM,MM
2021,12,18,14,35,150,7.2,MM,MM,MM,MM,MM,MM,24,MM,23,4.3,MM,MM
2021,12,18,14,15,150,6.7,MM,MM,MM,MM,MM,MM,24,MM,22,5.2,MM,MM
2021,12,18,13,55,160,5.1,8.2,MM,MM,MM,MM,MM,24,MM,22,5.2,MM,MM
2021,12,18,13,35,150,6.7,MM,MM,MM,MM,MM,MM,23,MM,22,3.5,MM,MM
2021,12,18,13,15,160,5.7,MM,MM,MM,MM,MM,MM,23,MM,22,3.5,MM,MM
2021,12,18,12,55,170,5.7,MM,MM,MM,MM,MM,MM,23,MM,22,4.3,MM,MM
2021,12,18,12,35,170,5.1,8.8,MM,MM,MM,MM,MM,23,MM,22,4.3,MM,MM
2021,12,18,12,15,160,5.7,MM,MM,MM,MM,MM,MM,23,MM,22,4.3,MM,MM
2021,12,18,11,55,170,5.1,8.8,MM,MM,MM,MM,MM,23,MM,22,5.2,MM,MM
2021,12,18,11,35,160,6.2,MM,MM,MM,MM,MM,MM,23,MM,22,4.3,MM,MM
2021,12,18,11,15,160,5.7,MM,MM,MM,MM,MM,MM,23,MM,22,5.2,MM,MM
2021,12,18,10,55,150,6.2,MM,MM,MM,MM,MM,MM,23,MM,22,5.2,MM,MM
2021,12,18,10,35,150,5.1,7.7,MM,MM,MM,MM,MM,23,MM,22,7.8,MM,MM
2021,12,18,10,15,160,4.6,MM,MM,MM,MM,MM,MM,23,MM,22,8.7,MM,MM
2021,12,18,9,55,160,6.7,MM,MM,MM,MM,MM,MM,23,MM,22,7,MM,MM
2021,12,18,9,35,150,5.1,MM,MM,MM,MM,MM,MM,23,MM,22,6.1,MM,MM
2021,12,18,9,15,160,4.1,7.2,MM,MM,MM,MM,MM,23,MM,22,7,MM,MM
2021,12,18,8,55,170,5.1,MM,MM,MM,MM,MM,MM,23,MM,22,8.7,MM,MM
2021,12,18,8,35,160,6.2,9.3,MM,MM,MM,MM,MM,23,MM,22,8.7,MM,MM
2021,12,18,8,15,160,6.2,MM,MM,MM,MM,MM,MM,23,MM,22,8.7,MM,MM
2021,12,18,7,55,160,5.1,8.2,MM,MM,MM,MM,MM,23,MM,22,8.7,MM,MM
2021,12,18,7,35,150,6.2,MM,MM,MM,MM,MM,MM,23,MM,22,8.7,MM,MM
2021,12,18,7,15,160,5.1,8.2,MM,MM,MM,MM,MM,23,MM,22,8.7,MM,MM
2021,12,18,6,55,160,6.2,MM,MM,MM,MM,MM,MM,23,MM,22,8.7,MM,MM
2021,12,18,6,35,150,6.2,MM,MM,MM,MM,MM,MM,23,MM,22,7.8,MM,MM
2021,12,18,6,15,150,6.2,MM,MM,MM,MM,MM,MM,23,MM,22,7.8,MM,MM
2021,12,18,5,55,150,6.2,8.8,MM,MM,MM,MM,MM,23,MM,22,6.1,MM,MM
2021,12,18,5,35,150,7.7,MM,MM,MM,MM,MM,MM,23,MM,22,7,MM,MM
2021,12,18,5,15,150,6.2,MM,MM,MM,MM,MM,MM,23,MM,22,7.8,MM,MM
2021,12,18,4,55,150,8.2,MM,MM,MM,MM,MM,MM,23,MM,22,6.1,MM,MM
2021,12,18,4,35,140,7.7,MM,MM,MM,MM,MM,MM,23,MM,22,6.1,MM,MM
2021,12,18,4,15,140,6.7,MM,MM,MM,MM,MM,MM,23,MM,22,3.5,MM,MM
2021,12,18,3,55,140,8.2,MM,MM,MM,MM,MM,MM,23,MM,22,3.5,MM,MM
2021,12,18,3,35,140,8.2,MM,MM,MM,MM,MM,MM,23,MM,22,3.5,MM,MM
2021,12,18,3,15,140,8.2,MM,MM,MM,MM,MM,MM,23,MM,23,2.6,MM,MM
2021,12,18,2,55,150,6.2,MM,MM,MM,MM,MM,MM,23,MM,22,3.5,MM,MM
2021,12,18,2,35,140,6.7,MM,MM,MM,MM,MM,MM,23,MM,22,5.2,MM,MM
2021,12,18,2,15,140,6.7,MM,MM,MM,MM,MM,MM,23,MM,22,7.8,MM,MM
2021,12,18,1,55,150,6.7,MM,MM,MM,MM,MM,MM,23,MM,22,7.8,MM,MM
2021,12,18,1,35,140,6.7,MM,MM,MM,MM,MM,MM,23,MM,22,3.5,MM,MM
2021,12,18,1,15,140,7.2,MM,MM,MM,MM,MM,MM,23,MM,22,3.5,MM,MM
2021,12,18,0,55,140,7.7,MM,MM,MM,MM,MM,MM,23,MM,22,3.5,MM,MM
2021,12,18,0,35,140,7.2,MM,MM,MM,MM,MM,MM,23,MM,22,3.5,MM,MM
2021,12,18,0,15,140,7.7,MM,MM,MM,MM,MM,MM,23,MM,22,3.5,MM,MM
2021,12,17,23,55,140,7.2,MM,MM,MM,MM,MM,MM,23,MM,22,3.5,MM,MM
2021,12,17,23,35,140,6.7,MM,MM,MM,MM,MM,MM,23,MM,22,3.5,MM,MM
2021,12,17,23,15,150,6.2,MM,MM,MM,MM,MM,MM,23,MM,22,2.6,MM,MM
2021,12,17,22,55,140,6.7,MM,MM,MM,MM,MM,MM,23,MM,22,3.5,MM,MM
2021,12,17,22,35,150,6.7,MM,MM,MM,MM,MM,MM,23,MM,22,3.5,MM,MM
2021,12,17,22,15,150,6.7,MM,MM,MM,MM,MM,MM,23,MM,22,3.5,MM,MM
2021,12,17,21,55,150,6.7,MM,MM,MM,MM,MM,MM,23,MM,22,5.2,MM,MM
2021,12,17,21,35,150,6.7,MM,MM,MM,MM,MM,MM,23,MM,22,5.2,MM,MM
2021,12,17,21,15,150,7.2,MM,MM,MM,MM,MM,MM,23,MM,22,4.3,MM,MM
2021,12,17,20,55,140,6.7,MM,MM,MM,MM,MM,MM,23,MM,22,2.6,MM,MM
2021,12,17,20,35,150,7.7,MM,MM,MM,MM,MM,MM,23,MM,22,6.1,MM,MM
2021,12,17,20,15,140,7.7,MM,MM,MM,MM,MM,MM,23,MM,22,7,MM,MM
2021,12,17,19,55,140,6.7,MM,MM,MM,MM,MM,MM,23,MM,22,7.8,MM,MM
2021,12,17,19,35,140,6.7,MM,MM,MM,MM,MM,MM,23,MM,22,4.3,MM,MM
2021,12,17,19,15,150,6.7,9.3,MM,MM,MM,MM,MM,23,MM,22,3.5,MM,MM
2021,12,17,18,55,140,7.7,MM,MM,MM,MM,MM,MM,23,MM,22,3.5,MM,MM
2021,12,17,18,35,140,6.7,MM,MM,MM,MM,MM,MM,23,MM,21,7.8,MM,MM
2021,12,17,18,15,150,7.7,MM,MM,MM,MM,MM,MM,23,MM,22,6.1,MM,MM
2021,12,17,17,55,140,7.7,MM,MM,MM,MM,MM,MM,23,MM,21,6.1,MM,MM
2021,12,17,17,35,140,8.2,MM,MM,MM,MM,MM,MM,23,MM,21,7.8,MM,MM
2021,12,17,17,15,140,10.3,MM,MM,MM,MM,MM,MM,23,MM,21,8.7,MM,MM
2021,12,17,16,55,140,9.3,MM,MM,MM,MM,MM,MM,23,MM,21,8.7,MM,MM
2021,12,17,16,35,150,9.3,MM,MM,MM,MM,MM,MM,23,MM,21,8.7,MM,MM
2021,12,17,16,15,140,9.8,MM,MM,MM,MM,MM,MM,23,MM,20,8.7,MM,MM
2021,12,17,15,55,150,9.8,MM,MM,MM,MM,MM,MM,23,MM,20,8.7,MM,MM
2021,12,17,15,35,150,8.8,11.8,MM,MM,MM,MM,MM,23,MM,20,8.7,MM,MM
2021,12,17,15,15,150,11.3,MM,MM,MM,MM,MM,MM,23,MM,20,8.7,MM,MM
2021,12,17,14,55,150,11.8,MM,MM,MM,MM,MM,MM,23,MM,21,5.2,MM,MM
2021,12,17,14,35,140,9.8,MM,MM,MM,MM,MM,MM,22,MM,21,6.1,MM,MM
2021,12,17,14,15,140,8.2,MM,MM,MM,MM,MM,MM,22,MM,20,7.8,MM,MM
2021,12,17,13,55,130,6.7,MM,MM,MM,MM,MM,MM,23,MM,22,7,MM,MM
2021,12,17,13,35,140,7.7,MM,MM,MM,MM,MM,MM,23,MM,22,6.1,MM,MM
2021,12,17,13,15,150,5.7,MM,MM,MM,MM,MM,MM,23,MM,22,7.8,MM,MM
2021,12,17,12,55,110,6.7,9.3,MM,MM,MM,MM,MM,22,MM,21,6.1,MM,MM
2021,12,17,12,35,130,8.2,11.3,MM,MM,MM,MM,MM,22,MM,21,1.1,MM,MM
2021,12,17,12,15,130,10.8,MM,MM,MM,MM,MM,MM,22,MM,21,0.9,MM,MM
2021,12,17,11,55,120,10.3,MM,MM,MM,MM,MM,MM,23,MM,22,4.3,MM,MM
2021,12,17,11,35,130,7.7,MM,MM,MM,MM,MM,MM,23,MM,21,1.1,MM,MM
2021,12,17,11,15,100,8.2,MM,MM,MM,MM,MM,MM,23,MM,22,4.3,MM,MM
2021,12,17,10,55,110,9.3,MM,MM,MM,MM,MM,MM,23,MM,22,6.1,MM,MM
2021,12,17,10,35,100,8.8,MM,MM,MM,MM,MM,MM,23,MM,22,6.1,MM,MM
2021,12,17,10,15,100,9.3,MM,MM,MM,MM,MM,MM,23,MM,22,5.2,MM,MM
2021,12,17,9,55,110,8.2,MM,MM,MM,MM,MM,MM,23,MM,22,5.2,MM,MM
2021,12,17,9,35,110,8.2,MM,MM,MM,MM,MM,MM,23,MM,22,6.1,MM,MM
2021,12,17,9,15,100,8.2,MM,MM,MM,MM,MM,MM,23,MM,22,6.1,MM,MM
2021,12,17,8,55,100,8.2,MM,MM,MM,MM,MM,MM,23,MM,22,6.1,MM,MM
2021,12,17,8,35,110,7.2,MM,MM,MM,MM,MM,MM,23,MM,22,7.8,MM,MM
2021,12,17,8,15,90,6.7,MM,MM,MM,MM,MM,MM,23,MM,22,8.7,MM,MM
2021,12,17,7,55,90,7.2,MM,MM,MM,MM,MM,MM,23,MM,22,8.7,MM,MM
2021,12,17,7,35,100,6.7,MM,MM,MM,MM,MM,MM,23,MM,22,8.7,MM,MM
2021,12,17,7,15,90,6.7,MM,MM,MM,MM,MM,MM,23,MM,21,8.7,MM,MM
2021,12,17,6,55,100,7.2,MM,MM,MM,MM,MM,MM,23,MM,21,8.7,MM,MM
2021,12,17,6,35,90,6.2,MM,MM,MM,MM,MM,MM,23,MM,22,8.7,MM,MM
2021,12,17,6,15,90,6.2,MM,MM,MM,MM,MM,MM,23,MM,22,8.7,MM,MM
2021,12,17,5,55,90,6.2,MM,MM,MM,MM,MM,MM,23,MM,22,8.7,MM,MM
2021,12,17,5,35,100,6.2,MM,MM,MM,MM,MM,MM,23,MM,21,8.7,MM,MM
2021,12,17,5,15,100,7.2,MM,MM,MM,MM,MM,MM,23,MM,21,8.7,MM,MM
2021,12,17,4,55,90,6.7,MM,MM,MM,MM,MM,MM,23,MM,21,8.7,MM,MM
2021,12,17,4,35,90,6.7,MM,MM,MM,MM,MM,MM,23,MM,21,8.7,MM,MM
2021,12,17,4,15,100,8.2,MM,MM,MM,MM,MM,MM,23,MM,21,8.7,MM,MM
2021,12,17,3,55,90,7.2,MM,MM,MM,MM,MM,MM,23,MM,21,8.7,MM,MM
2021,12,17,3,35,80,7.7,MM,MM,MM,MM,MM,MM,23,MM,21,8.7,MM,MM
2021,12,17,3,15,80,7.2,MM,MM,MM,MM,MM,MM,23,MM,21,8.7,MM,MM
2021,12,17,2,55,80,6.2,MM,MM,MM,MM,MM,MM,23,MM,21,8.7,MM,MM
2021,12,17,2,35,70,6.7,MM,MM,MM,MM,MM,MM,23,MM,21,8.7,MM,MM
2021,12,17,2,15,80,6.7,MM,MM,MM,MM,MM,MM,23,MM,21,8.7,MM,MM
2021,12,17,1,55,90,6.7,MM,MM,MM,MM,MM,MM,23,MM,21,8.7,MM,MM
2021,12,17,1,35,80,6.7,MM,MM,MM,MM,MM,MM,23,MM,21,8.7,MM,MM
2021,12,17,1,15,80,6.7,MM,MM,MM,MM,MM,MM,23,MM,21,8.7,MM,MM
2021,12,17,0,55,80,6.7,MM,MM,MM,MM,MM,MM,23,MM,21,8.7,MM,MM
2021,12,17,0,35,80,6.2,MM,MM,MM,MM,MM,MM,23,MM,21,8.7,MM,MM
2021,12,17,0,15,70,5.7,MM,MM,MM,MM,MM,MM,23,MM,21,8.7,MM,MM
2021,12,16,23,55,70,5.1,MM,MM,MM,MM,MM,MM,23,MM,21,8.7,MM,MM
2021,12,16,23,35,80,5.7,MM,MM,MM,MM,MM,MM,23,MM,21,8.7,MM,MM
2021,12,16,23,15,80,5.7,MM,MM,MM,MM,MM,MM,23,MM,21,8.7,MM,MM
2021,12,16,22,55,90,5.7,MM,MM,MM,MM,MM,MM,23,MM,21,8.7,MM,MM
2021,12,16,22,35,90,5.7,MM,MM,MM,MM,MM,MM,23,MM,20,8.7,MM,MM
2021,12,16,22,15,70,5.7,MM,MM,MM,MM,MM,MM,23,MM,21,8.7,MM,MM
2021,12,16,21,55,70,5.7,MM,MM,MM,MM,MM,MM,23,MM,21,8.7,MM,MM
2021,12,16,21,35,70,5.1,MM,MM,MM,MM,MM,MM,23,MM,21,8.7,MM,MM
2021,12,16,21,15,70,4.6,MM,MM,MM,MM,MM,MM,23,MM,21,8.7,MM,MM
2021,12,16,20,55,70,4.1,MM,MM,MM,MM,MM,MM,23,MM,20,8.7,MM,MM
2021,12,16,20,35,80,4.1,MM,MM,MM,MM,MM,MM,23,MM,20,8.7,MM,MM
2021,12,16,20,15,80,4.1,MM,MM,MM,MM,MM,MM,23,MM,21,8.7,MM,MM
2021,12,16,19,55,90,3.6,MM,MM,MM,MM,MM,MM,23,MM,20,8.7,MM,MM
2021,12,16,19,35,110,2.6,MM,MM,MM,MM,MM,MM,23,MM,20,8.7,MM,MM
2021,12,16,19,15,60,2.6,MM,MM,MM,MM,MM,MM,23,MM,20,8.7,MM,MM
2021,12,16,18,55,70,2.1,MM,MM,MM,MM,MM,MM,23,MM,20,8.7,MM,MM
2021,12,16,18,35,90,2.6,MM,MM,MM,MM,MM,MM,23,MM,20,8.7,MM,MM
2021,12,16,18,15,120,3.6,7.2,MM,MM,MM,MM,MM,23,MM,20,8.7,MM,MM
2021,12,16,17,55,140,3.1,MM,MM,MM,MM,MM,MM,23,MM,20,8.7,MM,MM
2021,12,16,17,35,130,3.6,MM,MM,MM,MM,MM,MM,23,MM,20,8.7,MM,MM
2021,12,16,17,15,120,4.1,MM,MM,MM,MM,MM,MM,23,MM,20,8.7,MM,MM
2021,12,16,16,55,120,4.6,MM,MM,MM,MM,MM,MM,23,MM,20,8.7,MM,MM
2021,12,16,16,35,130,4.1,MM,MM,MM,MM,MM,MM,23,MM,19,8.7,MM,MM
2021,12,16,16,15,130,4.6,MM,MM,MM,MM,MM,MM,23,MM,19,8.7,MM,MM
2021,12,16,15,55,130,5.1,MM,MM,MM,MM,MM,MM,23,MM,19,8.7,MM,MM
2021,12,16,15,35,130,5.7,MM,MM,MM,MM,MM,MM,23,MM,20,8.7,MM,MM
2021,12,16,15,15,130,5.7,MM,MM,MM,MM,MM,MM,23,MM,20,8.7,MM,MM
2021,12,16,14,55,130,4.1,MM,MM,MM,MM,MM,MM,23,MM,19,8.7,MM,MM
2021,12,16,14,35,140,4.6,MM,MM,MM,MM,MM,MM,23,MM,19,8.7,MM,MM
2021,12,16,14,15,140,5.1,MM,MM,MM,MM,MM,MM,23,MM,19,8.7,MM,MM
2021,12,16,13,55,130,6.2,MM,MM,MM,MM,MM,MM,23,MM,20,8.7,MM,MM
2021,12,16,13,35,120,6.7,MM,MM,MM,MM,MM,MM,23,MM,20,8.7,MM,MM
2021,12,16,13,15,130,5.1,MM,MM,MM,MM,MM,MM,23,MM,20,8.7,MM,MM
2021,12,16,12,55,130,5.1,MM,MM,MM,MM,MM,MM,23,MM,19,8.7,MM,MM
2021,12,16,12,35,130,5.7,MM,MM,MM,MM,MM,MM,23,MM,19,8.7,MM,MM
2021,12,16,12,15,140,6.7,MM,MM,MM,MM,MM,MM,23,MM,19,8.7,MM,MM
2021,12,16,11,55,130,6.2,MM,MM,MM,MM,MM,MM,23,MM,19,8.7,MM,MM
2021,12,16,11,35,140,5.1,MM,MM,MM,MM,MM,MM,22,MM,19,8.7,MM,MM
2021,12,16,11,15,140,5.1,MM,MM,MM,MM,MM,MM,22,MM,19,8.7,MM,MM
2021,12,16,10,55,140,5.7,MM,MM,MM,MM,MM,MM,22,MM,19,8.7,MM,MM
2021,12,16,10,35,140,6.2,MM,MM,MM,MM,MM,MM,23,MM,19,8.7,MM,MM
2021,12,16,10,15,130,6.7,MM,MM,MM,MM,MM,MM,23,MM,18,8.7,MM,MM
2021,12,16,9,55,140,5.7,MM,MM,MM,MM,MM,MM,22,MM,19,8.7,MM,MM
2021,12,16,9,35,130,6.7,MM,MM,MM,MM,MM,MM,22,MM,19,8.7,MM,MM
2021,12,16,9,15,130,7.2,MM,MM,MM,MM,MM,MM,22,MM,19,8.7,MM,MM
2021,12,16,8,55,130,6.7,MM,MM,MM,MM,MM,MM,22,MM,18,8.7,MM,MM
2021,12,16,8,35,130,7.2,MM,MM,MM,MM,MM,MM,22,MM,18,8.7,MM,MM
2021,12,16,8,15,130,8.2,MM,MM,MM,MM,MM,MM,22,MM,18,8.7,MM,MM
2021,12,16,7,55,130,7.2,MM,MM,MM,MM,MM,MM,22,MM,19,8.7,MM,MM
2021,12,16,7,35,120,8.8,MM,MM,MM,MM,MM,MM,22,MM,19,8.7,MM,MM
2021,12,16,7,15,120,9.3,MM,MM,MM,MM,MM,MM,22,MM,19,8.7,MM,MM
2021,12,16,6,55,120,8.8,MM,MM,MM,MM,MM,MM,22,MM,19,8.7,MM,MM
2021,12,16,6,35,120,8.8,MM,MM,MM,MM,MM,MM,22,MM,19,8.7,MM,MM
2021,12,16,6,15,120,9.3,MM,MM,MM,MM,MM,MM,22,MM,19,8.7,MM,MM
2021,12,16,5,55,130,9.3,MM,MM,MM,MM,MM,MM,22,MM,19,8.7,MM,MM
2021,12,16,5,35,130,9.3,MM,MM,MM,MM,MM,MM,22,MM,19,8.7,MM,MM
2021,12,16,5,15,120,8.8,MM,MM,MM,MM,MM,MM,22,MM,19,8.7,MM,MM
2021,12,16,4,55,130,8.8,MM,MM,MM,MM,MM,MM,22,MM,19,8.7,MM,MM
2021,12,16,4,35,130,9.3,MM,MM,MM,MM,MM,MM,22,MM,19,8.7,MM,MM
2021,12,16,4,15,120,9.8,MM,MM,MM,MM,MM,MM,22,MM,19,8.7,MM,MM
2021,12,16,3,55,130,9.8,MM,MM,MM,MM,MM,MM,22,MM,19,8.7,MM,MM
2021,12,16,3,35,120,9.8,MM,MM,MM,MM,MM,MM,22,MM,19,8.7,MM,MM
2021,12,16,3,15,120,8.8,MM,MM,MM,MM,MM,MM,22,MM,19,8.7,MM,MM
2021,12,16,2,55,120,8.8,MM,MM,MM,MM,MM,MM,22,MM,19,8.7,MM,MM
2021,12,16,2,35,120,8.8,MM,MM,MM,MM,MM,MM,22,MM,19,8.7,MM,MM
2021,12,16,2,15,110,8.2,MM,MM,MM,MM,MM,MM,22,MM,19,7,MM,MM
2021,12,16,1,55,100,9.3,MM,MM,MM,MM,MM,MM,22,MM,19,8.7,MM,MM
2021,12,16,1,35,110,8.2,MM,MM,MM,MM,MM,MM,23,MM,19,8.7,MM,MM
2021,12,16,1,15,120,7.7,MM,MM,MM,MM,MM,MM,23,MM,19,8.7,MM,MM
2021,12,16,0,55,130,7.2,MM,MM,MM,MM,MM,MM,22,MM,19,8.7,MM,MM
2021,12,16,0,35,120,7.7,MM,MM,MM,MM,MM,MM,23,MM,19,8.7,MM,MM
2021,12,16,0,15,130,7.7,MM,MM,MM,MM,MM,MM,23,MM,19,8.7,MM,MM
2021,12,15,23,55,110,7.7,MM,MM,MM,MM,MM,MM,23,MM,19,8.7,MM,MM
2021,12,15,23,35,110,8.2,MM,MM,MM,MM,MM,MM,23,MM,19,8.7,MM,MM
2021,12,15,23,15,110,8.8,MM,MM,MM,MM,MM,MM,22,MM,19,8.7,MM,MM
2021,12,15,22,55,110,8.8,MM,MM,MM,MM,MM,MM,22,MM,19,8.7,MM,MM
2021,12,15,22,35,120,8.8,MM,MM,MM,MM,MM,MM,22,MM,19,8.7,MM,MM
2021,12,15,22,15,110,8.8,MM,MM,MM,MM,MM,MM,23,MM,19,8.7,MM,MM
2021,12,15,21,55,110,8.8,MM,MM,MM,MM,MM,MM,23,MM,19,8.7,MM,MM
2021,12,15,21,35,120,8.2,MM,MM,MM,MM,MM,MM,23,MM,19,8.7,MM,MM
2021,12,15,21,15,120,8.2,MM,MM,MM,MM,MM,MM,23,MM,19,8.7,MM,MM
2021,12,15,20,55,120,8.2,MM,MM,MM,MM,MM,MM,23,MM,19,8.7,MM,MM
2021,12,15,20,35,120,8.8,MM,MM,MM,MM,MM,MM,23,MM,19,8.7,MM,MM
2021,12,15,20,15,120,8.8,MM,MM,MM,MM,MM,MM,23,MM,19,8.7,MM,MM
2021,12,15,19,55,120,8.8,MM,MM,MM,MM,MM,MM,23,MM,19,8.7,MM,MM
2021,12,15,19,35,120,8.8,MM,MM,MM,MM,MM,MM,23,MM,19,8.7,MM,MM
2021,12,15,19,15,120,8.2,MM,MM,MM,MM,MM,MM,23,MM,20,8.7,MM,MM
2021,12,15,18,55,120,8.8,MM,MM,MM,MM,MM,MM,23,MM,19,8.7,MM,MM
2021,12,15,18,35,120,7.2,MM,MM,MM,MM,MM,MM,23,MM,20,8.7,MM,MM
2021,12,15,18,15,110,7.7,MM,MM,MM,MM,MM,MM,23,MM,20,8.7,MM,MM
2021,12,15,17,55,120,7.2,MM,MM,MM,MM,MM,MM,23,MM,20,8.7,MM,MM
2021,12,15,17,35,100,6.7,MM,MM,MM,MM,MM,MM,23,MM,20,8.7,MM,MM
2021,12,15,17,15,100,8.2,MM,MM,MM,MM,MM,MM,23,MM,19,8.7,MM,MM
2021,12,15,16,55,90,6.7,MM,MM,MM,MM,MM,MM,22,MM,19,8.7,MM,MM
2021,12,15,16,35,90,6.7,MM,MM,MM,MM,MM,MM,22,MM,19,8.7,MM,MM
2021,12,15,16,15,90,7.7,MM,MM,MM,MM,MM,MM,22,MM,19,8.7,MM,MM
2021,12,15,15,55,100,7.7,MM,MM,MM,MM,MM,MM,22,MM,19,8.7,MM,MM
2021,12,15,15,35,90,7.2,MM,MM,MM,MM,MM,MM,23,MM,19,8.7,MM,MM
2021,12,15,15,15,100,8.2,MM,MM,MM,MM,MM,MM,22,MM,19,8.7,MM,MM
2021,12,15,14,55,110,8.2,MM,MM,MM,MM,MM,MM,22,MM,18,8.7,MM,MM
2021,12,15,14,35,100,8.2,MM,MM,MM,MM,MM,MM,22,MM,19,8.7,MM,MM
2021,12,15,14,15,100,8.8,MM,MM,MM,MM,MM,MM,22,MM,18,8.7,MM,MM
2021,12,15,13,55,100,8.8,MM,MM,MM,MM,MM,MM,22,MM,18,8.7,MM,MM
2021,12,15,13,35,110,8.2,MM,MM,MM,MM,MM,MM,22,MM,18,8.7,MM,MM
2021,12,15,13,15,110,8.2,MM,MM,MM,MM,MM,MM,22,MM,18,8.7,MM,MM
2021,12,15,12,55,110,8.8,MM,MM,MM,MM,MM,MM,22,MM,18,8.7,MM,MM
2021,12,15,12,35,110,8.2,MM,MM,MM,MM,MM,MM,22,MM,18,8.7,MM,MM
2021,12,15,12,15,100,5.7,MM,MM,MM,MM,MM,MM,22,MM,18,8.7,MM,MM
2021,12,15,11,55,90,7.2,MM,MM,MM,MM,MM,MM,22,MM,18,8.7,MM,MM
2021,12,15,11,35,100,7.7,MM,MM,MM,MM,MM,MM,22,MM,18,8.7,MM,MM
2021,12,15,11,15,100,8.2,MM,MM,MM,MM,MM,MM,22,MM,18,8.7,MM,MM
2021,12,15,10,55,100,7.2,MM,MM,MM,MM,MM,MM,22,MM,18,8.7,MM,MM
2021,12,15,10,35,110,6.7,MM,MM,MM,MM,MM,MM,22,MM,18,8.7,MM,MM
2021,12,15,10,15,110,6.7,MM,MM,MM,MM,MM,MM,22,MM,18,8.7,MM,MM
2021,12,15,9,55,100,7.2,MM,MM,MM,MM,MM,MM,22,MM,18,8.7,MM,MM
2021,12,15,9,35,120,7.2,MM,MM,MM,MM,MM,MM,22,MM,18,8.7,MM,MM
2021,12,15,9,15,110,7.7,MM,MM,MM,MM,MM,MM,22,MM,18,8.7,MM,MM
2021,12,15,8,55,100,6.7,MM,MM,MM,MM,MM,MM,22,MM,17,8.7,MM,MM
2021,12,15,8,35,100,6.7,MM,MM,MM,MM,MM,MM,22,MM,17,8.7,MM,MM
2021,12,15,8,15,100,6.7,MM,MM,MM,MM,MM,MM,21,MM,17,8.7,MM,MM
2021,12,15,7,55,100,7.2,MM,MM,MM,MM,MM,MM,21,MM,17,8.7,MM,MM
2021,12,15,7,35,100,7.2,MM,MM,MM,MM,MM,MM,21,MM,17,8.7,MM,MM
2021,12,15,7,15,100,7.2,MM,MM,MM,MM,MM,MM,21,MM,17,8.7,MM,MM
2021,12,15,6,55,110,7.7,MM,MM,MM,MM,MM,MM,21,MM,17,8.7,MM,MM
2021,12,15,6,35,90,9.3,MM,MM,MM,MM,MM,MM,21,MM,17,8.7,MM,MM
2021,12,15,6,15,90,8.2,MM,MM,MM,MM,MM,MM,22,MM,17,8.7,MM,MM
2021,12,15,5,55,100,7.2,MM,MM,MM,MM,MM,MM,22,MM,17,8.7,MM,MM
2021,12,15,5,35,100,7.2,MM,MM,MM,MM,MM,MM,22,MM,17,8.7,MM,MM
2021,12,15,5,15,80,8.8,MM,MM,MM,MM,MM,MM,22,MM,17,8.7,MM,MM
2021,12,15,4,55,90,7.7,MM,MM,MM,MM,MM,MM,22,MM,16,8.7,MM,MM
2021,12,15,4,35,100,8.2,MM,MM,MM,MM,MM,MM,22,MM,17,8.7,MM,MM
2021,12,15,4,15,90,8.2,MM,MM,MM,MM,MM,MM,22,MM,17,8.7,MM,MM
2021,12,15,3,55,90,8.8,MM,MM,MM,MM,MM,MM,22,MM,17,8.7,MM,MM
2021,12,15,3,35,90,8.8,MM,MM,MM,MM,MM,MM,22,MM,17,8.7,MM,MM
2021,12,15,3,15,70,8.8,MM,MM,MM,MM,MM,MM,22,MM,18,8.7,MM,MM
2021,12,15,2,55,90,8.8,MM,MM,MM,MM,MM,MM,22,MM,18,8.7,MM,MM
2021,12,15,2,35,90,8.2,MM,MM,MM,MM,MM,MM,22,MM,18,8.7,MM,MM
2021,12,15,2,15,90,7.2,MM,MM,MM,MM,MM,MM,22,MM,18,8.7,MM,MM
2021,12,15,1,55,90,8.2,MM,MM,MM,MM,MM,MM,22,MM,18,8.7,MM,MM
2021,12,15,1,35,90,7.7,MM,MM,MM,MM,MM,MM,22,MM,18,8.7,MM,MM
2021,12,15,1,15,80,7.7,MM,MM,MM,MM,MM,MM,22,MM,18,8.7,MM,MM
2021,12,15,0,55,80,8.2,MM,MM,MM,MM,MM,MM,22,MM,19,8.7,MM,MM
2021,12,15,0,35,80,7.7,MM,MM,MM,MM,MM,MM,22,MM,19,8.7,MM,MM
2021,12,15,0,15,80,7.7,MM,MM,MM,MM,MM,MM,22,MM,19,8.7,MM,MM
2021,12,14,23,55,80,7.2,MM,MM,MM,MM,MM,MM,22,MM,19,8.7,MM,MM
2021,12,14,23,35,80,6.7,MM,MM,MM,MM,MM,MM,22,MM,19,8.7,MM,MM
2021,12,14,23,15,80,7.7,MM,MM,MM,MM,MM,MM,22,MM,19,8.7,MM,MM
2021,12,14,22,55,90,6.2,MM,MM,MM,MM,MM,MM,22,MM,19,8.7,MM,MM
2021,12,14,22,35,90,6.2,MM,MM,MM,MM,MM,MM,22,MM,19,8.7,MM,MM
2021,12,14,22,15,90,7.2,MM,MM,MM,MM,MM,MM,22,MM,19,8.7,MM,MM
2021,12,14,21,55,100,6.2,MM,MM,MM,MM,MM,MM,22,MM,19,8.7,MM,MM
2021,12,14,21,35,90,7.2,MM,MM,MM,MM,MM,MM,22,MM,19,8.7,MM,MM
2021,12,14,21,15,110,6.2,MM,MM,MM,MM,MM,MM,22,MM,19,8.7,MM,MM
2021,12,14,20,55,120,6.2,MM,MM,MM,MM,MM,MM,22,MM,19,8.7,MM,MM
2021,12,14,20,35,100,6.2,MM,MM,MM,MM,MM,MM,22,MM,19,8.7,MM,MM
2021,12,14,20,15,110,6.2,MM,MM,MM,MM,MM,MM,23,MM,19,8.7,MM,MM
2021,12,14,19,55,110,6.7,MM,MM,MM,MM,MM,MM,22,MM,19,8.7,MM,MM
2021,12,14,19,35,110,6.7,MM,MM,MM,MM,MM,MM,22,MM,19,8.7,MM,MM
2021,12,14,19,15,100,7.2,MM,MM,MM,MM,MM,MM,22,MM,19,8.7,MM,MM
2021,12,14,18,55,110,6.7,MM,MM,MM,MM,MM,MM,22,MM,19,8.7,MM,MM
2021,12,14,18,35,100,7.7,MM,MM,MM,MM,MM,MM,22,MM,19,8.7,MM,MM
2021,12,14,18,15,90,7.2,MM,MM,MM,MM,MM,MM,22,MM,19,8.7,MM,MM
2021,12,14,17,55,90,6.7,MM,MM,MM,MM,MM,MM,22,MM,19,8.7,MM,MM
2021,12,14,17,35,90,7.2,MM,MM,MM,MM,MM,MM,22,MM,19,8.7,MM,MM
2021,12,14,17,15,80,6.7,MM,MM,MM,MM,MM,MM,22,MM,20,8.7,MM,MM
2021,12,14,16,55,90,6.7,MM,MM,MM,MM,MM,MM,23,MM,20,8.7,MM,MM
2021,12,14,16,35,80,6.7,MM,MM,MM,MM,MM,MM,22,MM,20,8.7,MM,MM
2021,12,14,16,15,80,7.7,MM,MM,MM,MM,MM,MM,22,MM,20,8.7,MM,MM
2021,12,14,15,55,80,7.2,MM,MM,MM,MM,MM,MM,22,MM,20,8.7,MM,MM
2021,12,14,15,35,90,7.2,MM,MM,MM,MM,MM,MM,22,MM,20,8.7,MM,MM
2021,12,14,15,15,80,7.2,MM,MM,MM,MM,MM,MM,22,MM,20,8.7,MM,MM
2021,12,14,14,55,80,7.2,MM,MM,MM,MM,MM,MM,22,MM,20,8.7,MM,MM
2021,12,14,14,35,80,6.7,MM,MM,MM,MM,MM,MM,22,MM,20,8.7,MM,MM
2021,12,14,14,15,80,6.7,MM,MM,MM,MM,MM,MM,22,MM,20,8.7,MM,MM
2021,12,14,13,55,90,6.2,MM,MM,MM,MM,MM,MM,22,MM,20,8.7,MM,MM
2021,12,14,13,35,90,6.7,MM,MM,MM,MM,MM,MM,22,MM,20,8.7,MM,MM
2021,12,14,13,15,90,7.2,MM,MM,MM,MM,MM,MM,22,MM,20,8.7,MM,MM
2021,12,14,12,55,90,6.7,MM,MM,MM,MM,MM,MM,22,MM,20,8.7,MM,MM
2021,12,14,12,35,90,6.2,MM,MM,MM,MM,MM,MM,22,MM,20,8.7,MM,MM
2021,12,14,12,15,80,6.7,MM,MM,MM,MM,MM,MM,22,MM,20,8.7,MM,MM
2021,12,14,11,55,100,6.2,MM,MM,MM,MM,MM,MM,22,MM,20,8.7,MM,MM
2021,12,14,11,35,80,6.2,MM,MM,MM,MM,MM,MM,22,MM,20,8.7,MM,MM
2021,12,14,11,15,90,5.7,MM,MM,MM,MM,MM,MM,22,MM,20,8.7,MM,MM
2021,12,14,10,55,100,6.7,MM,MM,MM,MM,MM,MM,22,MM,20,8.7,MM,MM
2021,12,14,10,35,90,6.2,MM,MM,MM,MM,MM,MM,22,MM,20,8.7,MM,MM
2021,12,14,10,15,100,6.7,MM,MM,MM,MM,MM,MM,22,MM,19,8.7,MM,MM
2021,12,14,9,55,100,6.2,MM,MM,MM,MM,MM,MM,22,MM,20,8.7,MM,MM
2021,12,14,9,35,90,6.2,MM,MM,MM,MM,MM,MM,22,MM,20,8.7,MM,MM
2021,12,14,9,15,100,5.7,MM,MM,MM,MM,MM,MM,22,MM,20,8.7,MM,MM
2021,12,14,8,55,100,5.7,MM,MM,MM,MM,MM,MM,22,MM,20,8.7,MM,MM
2021,12,14,8,35,100,5.1,MM,MM,MM,MM,MM,MM,22,MM,20,8.7,MM,MM
2021,12,14,8,15,100,5.7,MM,MM,MM,MM,MM,MM,22,MM,20,8.7,MM,MM
2021,12,14,7,55,80,5.7,MM,MM,MM,MM,MM,MM,22,MM,20,8.7,MM,MM
2021,12,14,7,35,80,5.7,MM,MM,MM,MM,MM,MM,22,MM,20,8.7,MM,MM
2021,12,14,7,15,90,4.6,MM,MM,MM,MM,MM,MM,22,MM,20,8.7,MM,MM
2021,12,14,6,55,80,5.1,MM,MM,MM,MM,MM,MM,22,MM,20,8.7,MM,MM
2021,12,14,6,35,80,5.7,MM,MM,MM,MM,MM,MM,22,MM,20,8.7,MM,MM
2021,12,14,6,15,90,5.7,MM,MM,MM,MM,MM,MM,22,MM,20,8.7,MM,MM
2021,12,14,5,55,90,5.7,MM,MM,MM,MM,MM,MM,22,MM,20,8.7,MM,MM
2021,12,14,5,35,90,5.7,MM,MM,MM,MM,MM,MM,22,MM,20,8.7,MM,MM
2021,12,14,5,15,100,6.7,MM,MM,MM,MM,MM,MM,22,MM,20,8.7,MM,MM
2021,12,14,4,55,100,5.7,MM,MM,MM,MM,MM,MM,22,MM,20,8.7,MM,MM
2021,12,14,4,35,100,6.2,MM,MM,MM,MM,MM,MM,22,MM,20,8.7,MM,MM
2021,12,14,4,15,100,6.7,MM,MM,MM,MM,MM,MM,22,MM,20,8.7,MM,MM
2021,12,14,3,55,100,6.7,MM,MM,MM,MM,MM,MM,22,MM,20,8.7,MM,MM
2021,12,14,3,35,100,7.7,MM,MM,MM,MM,MM,MM,22,MM,19,8.7,MM,MM
2021,12,14,3,15,90,7.2,MM,MM,MM,MM,MM,MM,22,MM,20,8.7,MM,MM
2021,12,14,2,55,80,7.7,MM,MM,MM,MM,MM,MM,22,MM,19,8.7,MM,MM
2021,12,14,2,35,80,8.2,MM,MM,MM,MM,MM,MM,22,MM,19,8.7,MM,MM
2021,12,14,2,15,80,7.7,MM,MM,MM,MM,MM,MM,22,MM,19,8.7,MM,MM
2021,12,14,1,55,70,7.2,MM,MM,MM,MM,MM,MM,22,MM,19,8.7,MM,MM
2021,12,14,1,35,70,7.7,MM,MM,MM,MM,MM,MM,22,MM,19,8.7,MM,MM
2021,12,14,1,15,60,7.2,MM,MM,MM,MM,MM,MM,22,MM,19,8.7,MM,MM
2021,12,14,0,55,60,6.7,MM,MM,MM,MM,MM,MM,22,MM,19,8.7,MM,MM
2021,12,14,0,35,50,4.6,8.2,MM,MM,MM,MM,MM,22,MM,19,8.7,MM,MM
2021,12,14,0,15,50,5.7,MM,MM,MM,MM,MM,MM,22,MM,19,8.7,MM,MM
2021,12,13,23,55,50,5.7,MM,MM,MM,MM,MM,MM,22,MM,19,8.7,MM,MM
2021,12,13,23,35,40,4.6,7.7,MM,MM,MM,MM,MM,22,MM,19,8.7,MM,MM
2021,12,13,23,15,50,4.6,MM,MM,MM,MM,MM,MM,22,MM,19,8.7,MM,MM
2021,12,13,22,55,40,5.1,MM,MM,MM,MM,MM,MM,22,MM,19,8.7,MM,MM
2021,12,13,22,35,50,5.7,MM,MM,MM,MM,MM,MM,22,MM,19,8.7,MM,MM
2021,12,13,22,15,50,4.6,MM,MM,MM,MM,MM,MM,22,MM,19,8.7,MM,MM
2021,12,13,21,55,50,5.1,MM,MM,MM,MM,MM,MM,22,MM,19,8.7,MM,MM
2021,12,13,21,35,50,5.1,MM,MM,MM,MM,MM,MM,22,MM,19,8.7,MM,MM
2021,12,13,21,15,50,5.1,MM,MM,MM,MM,MM,MM,21,MM,18,8.7,MM,MM
2021,12,13,20,55,50,5.1,MM,MM,MM,MM,MM,MM,21,MM,18,8.7,MM,MM
2021,12,13,20,35,50,4.6,MM,MM,MM,MM,MM,MM,21,MM,18,8.7,MM,MM
2021,12,13,20,15,40,4.1,MM,MM,MM,MM,MM,MM,22,MM,18,8.7,MM,MM
2021,12,13,19,55,50,4.6,MM,MM,MM,MM,MM,MM,22,MM,18,8.7,MM,MM
2021,12,13,19,35,40,4.1,MM,MM,MM,MM,MM,MM,22,MM,18,8.7,MM,MM
2021,12,13,19,15,50,4.6,MM,MM,MM,MM,MM,MM,22,MM,18,8.7,MM,MM
2021,12,13,18,55,50,5.1,MM,MM,MM,MM,MM,MM,21,MM,18,8.7,MM,MM
2021,12,13,18,35,50,5.1,MM,MM,MM,MM,MM,MM,21,MM,18,8.7,MM,MM
2021,12,13,18,15,50,5.7,MM,MM,MM,MM,MM,MM,21,MM,18,8.7,MM,MM
2021,12,13,17,55,40,3.6,MM,MM,MM,MM,MM,MM,21,MM,18,8.7,MM,MM
2021,12,13,17,35,50,4.1,MM,MM,MM,MM,MM,MM,21,MM,18,8.7,MM,MM
2021,12,13,17,15,40,4.1,MM,MM,MM,MM,MM,MM,22,MM,18,8.7,MM,MM
2021,12,13,16,55,40,3.6,6.2,MM,MM,MM,MM,MM,22,MM,18,8.7,MM,MM
2021,12,13,16,35,40,3.6,6.7,MM,MM,MM,MM,MM,21,MM,18,8.7,MM,MM
2021,12,13,16,15,40,3.6,MM,MM,MM,MM,MM,MM,21,MM,18,8.7,MM,MM
2021,12,13,15,55,50,5.7,MM,MM,MM,MM,MM,MM,21,MM,18,8.7,MM,MM
2021,12,13,15,35,50,4.6,MM,MM,MM,MM,MM,MM,21,MM,18,8.7,MM,MM
2021,12,13,15,15,60,5.1,MM,MM,MM,MM,MM,MM,21,MM,18,8.7,MM,MM
2021,12,13,14,55,60,5.7,MM,MM,MM,MM,MM,MM,21,MM,18,8.7,MM,MM
2021,12,13,14,35,40,3.6,6.7,MM,MM,MM,MM,MM,21,MM,18,8.7,MM,MM
2021,12,13,14,15,60,5.1,MM,MM,MM,MM,MM,MM,21,MM,18,8.7,MM,MM
2021,12,13,13,55,50,4.6,MM,MM,MM,MM,MM,MM,21,MM,18,8.7,MM,MM
2021,12,13,13,35,60,5.7,MM,MM,MM,MM,MM,MM,21,MM,18,8.7,MM,MM
2021,12,13,13,15,60,5.7,MM,MM,MM,MM,MM,MM,21,MM,18,8.7,MM,MM
2021,12,13,12,55,60,4.6,MM,MM,MM,MM,MM,MM,21,MM,18,8.7,MM,MM
2021,12,13,12,35,50,4.6,MM,MM,MM,MM,MM,MM,21,MM,18,8.7,MM,MM
2021,12,13,12,15,60,6.2,MM,MM,MM,MM,MM,MM,21,MM,18,8.7,MM,MM
2021,12,13,11,55,60,6.2,MM,MM,MM,MM,MM,MM,21,MM,18,8.7,MM,MM
2021,12,13,11,35,60,6.2,MM,MM,MM,MM,MM,MM,21,MM,18,8.7,MM,MM
2021,12,13,11,15,60,5.7,MM,MM,MM,MM,MM,MM,21,MM,18,8.7,MM,MM
2021,12,13,10,55,60,6.2,MM,MM,MM,MM,MM,MM,21,MM,18,8.7,MM,MM
2021,12,13,10,35,60,6.2,MM,MM,MM,MM,MM,MM,21,MM,18,8.7,MM,MM
2021,12,13,10,15,60,6.7,MM,MM,MM,MM,MM,MM,21,MM,18,8.7,MM,MM
2021,12,13,9,55,50,4.6,MM,MM,MM,MM,MM,MM,21,MM,18,8.7,MM,MM
2021,12,13,9,35,60,5.1,MM,MM,MM,MM,MM,MM,21,MM,18,8.7,MM,MM
2021,12,13,9,15,60,4.6,MM,MM,MM,MM,MM,MM,21,MM,18,8.7,MM,MM
2021,12,13,8,55,60,5.1,MM,MM,MM,MM,MM,MM,21,MM,18,8.7,MM,MM
2021,12,13,8,35,80,5.1,MM,MM,MM,MM,MM,MM,21,MM,18,8.7,MM,MM
2021,12,13,8,15,80,5.7,MM,MM,MM,MM,MM,MM,21,MM,18,8.7,MM,MM
2021,12,13,7,55,90,5.7,MM,MM,MM,MM,MM,MM,21,MM,18,8.7,MM,MM
2021,12,13,7,35,80,6.2,MM,MM,MM,MM,MM,MM,21,MM,18,8.7,MM,MM
2021,12,13,7,15,80,5.7,MM,MM,MM,MM,MM,MM,21,MM,18,8.7,MM,MM
2021,12,13,6,55,80,5.7,MM,MM,MM,MM,MM,MM,21,MM,18,8.7,MM,MM
2021,12,13,6,35,70,5.7,MM,MM,MM,MM,MM,MM,21,MM,17,8.7,MM,MM
2021,12,13,6,15,60,5.7,MM,MM,MM,MM,MM,MM,21,MM,18,8.7,MM,MM
2021,12,13,5,55,60,6.2,MM,MM,MM,MM,MM,MM,20,MM,18,8.7,MM,MM
2021,12,13,5,35,70,6.2,MM,MM,MM,MM,MM,MM,20,MM,17,8.7,MM,MM
2021,12,13,5,15,70,6.2,MM,MM,MM,MM,MM,MM,20,MM,17,8.7,MM,MM
2021,12,13,4,55,80,6.2,MM,MM,MM,MM,MM,MM,20,MM,17,8.7,MM,MM
2021,12,13,4,35,80,6.7,MM,MM,MM,MM,MM,MM,20,MM,17,8.7,MM,MM
2021,12,13,4,15,80,6.7,MM,MM,MM,MM,MM,MM,20,MM,17,8.7,MM,MM
2021,12,13,3,55,70,6.7,MM,MM,MM,MM,MM,MM,20,MM,17,8.7,MM,MM
2021,12,13,3,35,70,6.2,MM,MM,MM,MM,MM,MM,20,MM,17,8.7,MM,MM
2021,12,13,3,15,60,6.7,MM,MM,MM,MM,MM,MM,20,MM,17,8.7,MM,MM
2021,12,13,2,55,70,6.2,MM,MM,MM,MM,MM,MM,20,MM,17,8.7,MM,MM
2021,12,13,2,35,70,7.2,MM,MM,MM,MM,MM,MM,20,MM,17,8.7,MM,MM
2021,12,13,2,15,60,7.2,MM,MM,MM,MM,MM,MM,20,MM,17,8.7,MM,MM
2021,12,13,1,55,60,6.7,MM,MM,MM,MM,MM,MM,20,MM,17,8.7,MM,MM
2021,12,13,1,35,60,6.7,MM,MM,MM,MM,MM,MM,20,MM,17,8.7,MM,MM
2021,12,13,1,15,60,7.7,MM,MM,MM,MM,MM,MM,20,MM,16,8.7,MM,MM
2021,12,13,0,55,60,5.7,MM,MM,MM,MM,MM,MM,20,MM,16,8.7,MM,MM
2021,12,13,0,35,60,5.7,MM,MM,MM,MM,MM,MM,20,MM,16,8.7,MM,MM
2021,12,13,0,15,60,5.7,MM,MM,MM,MM,MM,MM,20,MM,16,8.7,MM,MM
2021,12,12,23,55,60,6.2,MM,MM,MM,MM,MM,MM,20,MM,16,8.7,MM,MM
2021,12,12,23,35,60,5.7,MM,MM,MM,MM,MM,MM,20,MM,16,8.7,MM,MM
2021,12,12,23,15,60,6.2,MM,MM,MM,MM,MM,MM,20,MM,16,8.7,MM,MM
2021,12,12,22,55,50,5.1,8.2,MM,MM,MM,MM,MM,20,MM,16,8.7,MM,MM
2021,12,12,22,35,60,6.7,MM,MM,MM,MM,MM,MM,20,MM,16,8.7,MM,MM
2021,12,12,22,15,60,7.7,MM,MM,MM,MM,MM,MM,20,MM,16,8.7,MM,MM
2021,12,12,21,55,50,7.2,MM,MM,MM,MM,MM,MM,20,MM,16,8.7,MM,MM
2021,12,12,21,35,60,7.2,MM,MM,MM,MM,MM,MM,19,MM,16,8.7,MM,MM
2021,12,12,21,15,50,7.7,MM,MM,MM,MM,MM,MM,19,MM,15,8.7,MM,MM
2021,12,12,20,55,60,7.2,MM,MM,MM,MM,MM,MM,19,MM,16,8.7,MM,MM
2021,12,12,20,35,50,6.7,MM,MM,MM,MM,MM,MM,19,MM,15,8.7,MM,MM
2021,12,12,20,15,40,5.7,MM,MM,MM,MM,MM,MM,19,MM,15,8.7,MM,MM
2021,12,12,19,50,40,6.2,10.8,MM,MM,MM,MM,MM,19,MM,15,8.7,MM,MM
2021,12,12,19,35,40,6.2,MM,MM,MM,MM,MM,MM,19,MM,15,8.7,MM,MM
2021,12,12,19,15,30,6.7,11.8,MM,MM,MM,MM,MM,19,MM,15,8.7,MM,MM
2021,12,12,18,55,30,6.7,MM,MM,MM,MM,MM,MM,19,MM,15,8.7,MM,MM
2021,12,12,18,35,MM,MM,MM,MM,MM,MM,MM,MM,MM,MM,MM,MM,MM,MM
2021,12,12,18,15,30,6.2,10.3,MM,MM,MM,MM,MM,18,MM,16,8.7,MM,MM
2021,12,12,17,55,30,6.7,10.8,MM,MM,MM,MM,MM,18,MM,16,8.7,MM,MM
2021,12,12,17,35,40,6.7,MM,MM,MM,MM,MM,MM,18,MM,16,8.7,MM,MM
2021,12,12,17,15,40,6.7,MM,MM,MM,MM,MM,MM,18,MM,16,8.7,MM,MM
2021,12,12,16,55,30,6.7,10.8,MM,MM,MM,MM,MM,18,MM,16,7.8,MM,MM
2021,12,12,16,35,40,6.7,10.8,MM,MM,MM,MM,MM,18,MM,16,5.2,MM,MM
2021,12,12,16,15,40,6.7,9.3,MM,MM,MM,MM,MM,18,MM,16,5.2,MM,MM
2021,12,12,15,55,30,6.2,9.8,MM,MM,MM,MM,MM,17,MM,16,4.3,MM,MM
2021,12,12,15,35,30,7.2,11.3,MM,MM,MM,MM,MM,18,MM,16,6.1,MM,MM
2021,12,12,15,15,30,7.2,11.8,MM,MM,MM,MM,MM,18,MM,15,8.7,MM,MM
2021,12,12,14,55,30,7.2,11.8,MM,MM,MM,MM,MM,18,MM,15,8.7,MM,MM
2021,12,12,14,35,30,8.2,MM,MM,MM,MM,MM,MM,18,MM,15,8.7,MM,MM
2021,12,12,14,15,30,6.7,11.8,MM,MM,MM,MM,MM,18,MM,15,8.7,MM,MM
2021,12,12,13,55,30,7.7,10.8,MM,MM,MM,MM,MM,18,MM,15,8.7,MM,MM
2021,12,12,13,35,30,6.2,9.8,MM,MM,MM,MM,MM,19,MM,15,8.7,MM,MM
2021,12,12,13,15,30,7.7,10.8,MM,MM,MM,MM,MM,19,MM,16,8.7,MM,MM
2021,12,12,12,55,30,9.8,MM,MM,MM,MM,MM,MM,19,MM,16,8.7,MM,MM
2021,12,12,12,35,30,8.2,11.3,MM,MM,MM,MM,MM,19,MM,16,8.7,MM,MM
2021,12,12,12,15,30,7.2,10.8,MM,MM,MM,MM,MM,19,MM,16,8.7,MM,MM
2021,12,12,11,55,20,9.8,MM,MM,MM,MM,MM,MM,19,MM,16,8.7,MM,MM
2021,12,12,11,35,30,6.7,9.8,MM,MM,MM,MM,MM,19,MM,16,8.7,MM,MM
2021,12,12,11,15,30,6.2,8.8,MM,MM,MM,MM,MM,19,MM,16,8.7,MM,MM
2021,12,12,10,55,30,7.2,9.8,MM,MM,MM,MM,MM,19,MM,16,8.7,MM,MM
2021,12,12,10,35,30,5.7,8.8,MM,MM,MM,MM,MM,19,MM,17,8.7,MM,MM
2021,12,12,10,15,30,7.2,10.3,MM,MM,MM,MM,MM,20,MM,17,8.7,MM,MM
2021,12,12,9,55,30,6.2,MM,MM,MM,MM,MM,MM,20,MM,17,8.7,MM,MM
2021,12,12,9,35,30,7.7,10.8,MM,MM,MM,MM,MM,20,MM,17,8.7,MM,MM
2021,12,12,9,15,30,9.8,MM,MM,MM,MM,MM,MM,20,MM,17,8.7,MM,MM
2021,12,12,8,55,30,6.7,11.3,MM,MM,MM,MM,MM,20,MM,17,8.7,MM,MM
2021,12,12,8,35,30,7.2,11.8,MM,MM,MM,MM,MM,20,MM,17,8.7,MM,MM
2021,12,12,8,15,30,9.3,MM,MM,MM,MM,MM,MM,20,MM,18,8.7,MM,MM
2021,12,12,7,55,30,8.8,MM,MM,MM,MM,MM,MM,20,MM,18,8.7,MM,MM
2021,12,12,7,35,20,9.3,MM,MM,MM,MM,MM,MM,20,MM,18,8.7,MM,MM
2021,12,12,7,15,30,7.7,MM,MM,MM,MM,MM,MM,20,MM,18,8.7,MM,MM
2021,12,12,6,55,30,7.2,10.8,MM,MM,MM,MM,MM,20,MM,18,8.7,MM,MM
2021,12,12,6,35,30,10.3,MM,MM,MM,MM,MM,MM,20,MM,18,8.7,MM,MM
2021,12,12,6,15,30,10.3,MM,MM,MM,MM,MM,MM,20,MM,18,8.7,MM,MM
2021,12,12,5,55,30,7.7,10.8,MM,MM,MM,MM,MM,21,MM,18,8.7,MM,MM
2021,12,12,5,35,30,9.8,MM,MM,MM,MM,MM,MM,21,MM,18,8.7,MM,MM
2021,12,12,5,15,20,7.7,11.8,MM,MM,MM,MM,MM,21,MM,19,8.7,MM,MM
2021,12,12,4,55,10,5.1,11.8,MM,MM,MM,MM,MM,21,MM,18,8.7,MM,MM
2021,12,12,4,35,20,6.7,10.8,MM,MM,MM,MM,MM,21,MM,18,8.7,MM,MM
2021,12,12,4,15,20,8.2,12.4,MM,MM,MM,MM,MM,21,MM,19,8.7,MM,MM
2021,12,12,3,55,20,8.8,11.8,MM,MM,MM,MM,MM,21,MM,19,7,MM,MM
2021,12,12,3,35,MM,2.1,8.2,MM,MM,MM,MM,MM,22,MM,20,3.5,MM,MM
2021,12,12,3,15,MM,2.1,MM,MM,MM,MM,MM,MM,23,MM,20,8.7,MM,MM
2021,12,12,2,55,MM,0,MM,MM,MM,MM,MM,MM,23,MM,20,8.7,MM,MM
2021,12,12,2,35,MM,2.1,5.1,MM,MM,MM,MM,MM,24,MM,21,8.7,MM,MM
2021,12,12,2,15,MM,0,MM,MM,MM,MM,MM,MM,24,MM,21,8.7,MM,MM
2021,12,12,1,55,MM,2.1,5.7,MM,MM,MM,MM,MM,24,MM,20,8.7,MM,MM
2021,12,12,1,35,300,3.6,7.2,MM,MM,MM,MM,MM,24,MM,20,8.7,MM,MM
2021,12,12,1,15,MM,2.1,5.1,MM,MM,MM,MM,MM,24,MM,20,8.7,MM,MM
2021,12,12,0,55,300,4.1,7.7,MM,MM,MM,MM,MM,24,MM,20,8.7,MM,MM
2021,12,12,0,35,300,4.6,MM,MM,MM,MM,MM,MM,24,MM,20,8.7,MM,MM
2021,12,12,0,15,MM,0,MM,MM,MM,MM,MM,MM,24,MM,20,8.7,MM,MM
2021,12,11,23,55,270,4.6,MM,MM,MM,MM,MM,MM,24,MM,20,8.7,MM,MM
2021,12,11,23,35,290,4.6,7.7,MM,MM,MM,MM,MM,25,MM,20,8.7,MM,MM
2021,12,11,23,15,230,5.7,MM,MM,MM,MM,MM,MM,25,MM,22,8.7,MM,MM
2021,12,11,22,55,230,5.7,MM,MM,MM,MM,MM,MM,25,MM,22,8.7,MM,MM
2021,12,11,22,35,220,3.6,MM,MM,MM,MM,MM,MM,25,MM,22,7.8,MM,MM
2021,12,11,22,15,MM,3.6,MM,MM,MM,MM,MM,MM,25,MM,22,7.8,MM,MM
2021,12,11,21,55,MM,2.6,6.7,MM,MM,MM,MM,MM,25,MM,22,8.7,MM,MM
2021,12,11,21,35,MM,2.6,5.7,MM,MM,MM,MM,MM,25,MM,22,8.7,MM,MM
2021,12,11,21,15,MM,2.1,6.7,MM,MM,MM,MM,MM,25,MM,22,8.7,MM,MM
2021,12,11,20,55,230,3.6,7.7,MM,MM,MM,MM,MM,25,MM,22,8.7,MM,MM
2021,12,11,20,35,MM,3.1,6.7,MM,MM,MM,MM,MM,26,MM,22,8.7,MM,MM
2021,12,11,20,15,MM,3.1,MM,MM,MM,MM,MM,MM,26,MM,22,8.7,MM,MM
2021,12,11,19,55,210,3.6,7.2,MM,MM,MM,MM,MM,26,MM,22,8.7,MM,MM
2021,12,11,19,35,210,6.2,9.3,MM,MM,MM,MM,MM,26,MM,22,8.7,MM,MM
2021,12,11,19,15,210,5.1,8.8,MM,MM,MM,MM,MM,26,MM,21,8.7,MM,MM
2021,12,11,18,55,210,5.1,8.8,MM,MM,MM,MM,MM,25,MM,22,8.7,MM,MM
2021,12,11,18,35,210,7.7,MM,MM,MM,MM,MM,MM,25,MM,22,8.7,MM,MM
2021,12,11,18,15,210,9.3,MM,MM,MM,MM,MM,MM,25,MM,22,8.7,MM,MM
2021,12,11,17,55,210,8.8,MM,MM,MM,MM,MM,MM,25,MM,21,8.7,MM,MM
2021,12,11,17,35,210,8.8,MM,MM,MM,MM,MM,MM,25,MM,21,8.7,MM,MM
2021,12,11,17,15,210,8.8,MM,MM,MM,MM,MM,MM,25,MM,21,8.7,MM,MM
2021,12,11,16,55,210,7.7,MM,MM,MM,MM,MM,MM,25,MM,22,8.7,MM,MM
2021,12,11,16,35,210,7.7,MM,MM,MM,MM,MM,MM,25,MM,22,8.7,MM,MM
2021,12,11,16,15,210,8.2,MM,MM,MM,MM,MM,MM,25,MM,21,8.7,MM,MM
2021,12,11,15,55,210,8.2,MM,MM,MM,MM,MM,MM,25,MM,21,8.7,MM,MM
2021,12,11,15,35,200,8.8,MM,MM,MM,MM,MM,MM,25,MM,22,8.7,MM,MM
2021,12,11,15,15,200,7.7,MM,MM,MM,MM,MM,MM,28,MM,22,8.7,MM,MM
2021,12,11,14,55,210,6.7,MM,MM,MM,MM,MM,MM,25,MM,22,7.8,MM,MM
2021,12,11,14,35,210,5.1,MM,MM,MM,MM,MM,MM,25,MM,22,7,MM,MM
2021,12,11,14,15,190,4.6,MM,MM,MM,MM,MM,MM,24,MM,22,7,MM,MM
2021,12,11,13,55,190,5.1,MM,MM,MM,MM,MM,MM,24,MM,22,7.8,MM,MM
2021,12,11,13,35,200,3.6,6.2,MM,MM,MM,MM,MM,24,MM,22,7.8,MM,MM
2021,12,11,13,15,190,5.1,MM,MM,MM,MM,MM,MM,24,MM,22,7.8,MM,MM
2021,12,11,12,55,200,4.6,MM,MM,MM,MM,MM,MM,24,MM,22,7.8,MM,MM
2021,12,11,12,35,190,3.6,MM,MM,MM,MM,MM,MM,24,MM,22,7.8,MM,MM
2021,12,11,12,15,190,3.6,MM,MM,MM,MM,MM,MM,24,MM,22,8.7,MM,MM
2021,12,11,11,55,210,4.1,MM,MM,MM,MM,MM,MM,24,MM,22,8.7,MM,MM
2021,12,11,11,35,190,4.6,MM,MM,MM,MM,MM,MM,23,MM,22,7.8,MM,MM
2021,12,11,11,15,190,4.1,7.2,MM,MM,MM,MM,MM,23,MM,22,7.8,MM,MM
2021,12,11,10,55,200,4.6,8.2,MM,MM,MM,MM,MM,23,MM,22,7.8,MM,MM
2021,12,11,10,35,190,3.6,7.7,MM,MM,MM,MM,MM,23,MM,22,7.8,MM,MM
2021,12,11,10,15,190,4.1,6.7,MM,MM,MM,MM,MM,23,MM,22,7,MM,MM
2021,12,11,9,55,MM,3.1,6.7,MM,MM,MM,MM,MM,23,MM,22,7,MM,MM
2021,12,11,9,35,180,4.6,MM,MM,MM,MM,MM,MM,24,MM,22,7.8,MM,MM
2021,12,11,9,15,180,5.1,8.2,MM,MM,MM,MM,MM,24,MM,22,8.7,MM,MM
2021,12,11,8,55,210,4.1,7.7,MM,MM,MM,MM,MM,23,MM,22,8.7,MM,MM
2021,12,11,8,35,180,4.6,8.2,MM,MM,MM,MM,MM,23,MM,22,7.8,MM,MM
2021,12,11,8,15,190,4.1,7.2,MM,MM,MM,MM,MM,23,MM,22,7.8,MM,MM
2021,12,11,7,55,210,4.1,7.7,MM,MM,MM,MM,MM,23,MM,23,7,MM,MM
2021,12,11,7,35,200,4.1,7.7,MM,MM,MM,MM,MM,23,MM,22,7,MM,MM
2021,12,11,7,15,180,5.1,8.8,MM,MM,MM,MM,MM,24,MM,22,7,MM,MM
2021,12,11,6,55,190,4.6,MM,MM,MM,MM,MM,MM,24,MM,22,7.8,MM,MM
2021,12,11,6,35,180,5.7,9.8,MM,MM,MM,MM,MM,24,MM,22,7.8,MM,MM
2021,12,11,6,15,190,5.1,MM,MM,MM,MM,MM,MM,24,MM,22,8.7,MM,MM
2021,12,11,5,55,190,5.1,7.7,MM,MM,MM,MM,MM,24,MM,22,8.7,MM,MM
2021,12,11,5,35,180,5.1,9.3,MM,MM,MM,MM,MM,24,MM,22,8.7,MM,MM
2021,12,11,5,15,170,5.1,8.8,MM,MM,MM,MM,MM,24,MM,22,8.7,MM,MM
2021,12,11,4,55,180,5.1,8.2,MM,MM,MM,MM,MM,24,MM,22,8.7,MM,MM
2021,12,11,4,35,160,5.7,8.2,MM,MM,MM,MM,MM,24,MM,23,8.7,MM,MM
2021,12,11,4,15,190,4.1,7.2,MM,MM,MM,MM,MM,24,MM,23,8.7,MM,MM
2021,12,11,3,55,170,6.2,MM,MM,MM,MM,MM,MM,23,MM,23,7.8,MM,MM
2021,12,11,3,35,160,6.2,MM,MM,MM,MM,MM,MM,23,MM,23,6.1,MM,MM
2021,12,11,3,15,150,6.7,MM,MM,MM,MM,MM,MM,23,MM,23,5.2,MM,MM
2021,12,11,2,55,160,5.7,MM,MM,MM,MM,MM,MM,23,MM,23,5.2,MM,MM
2021,12,11,2,35,160,5.1,MM,MM,MM,MM,MM,MM,23,MM,23,7,MM,MM
2021,12,11,2,15,150,5.7,MM,MM,MM,MM,MM,MM,23,MM,23,4.3,MM,MM
2021,12,11,1,55,150,6.2,MM,MM,MM,MM,MM,MM,23,MM,23,4.3,MM,MM
2021,12,11,1,35,150,6.2,MM,MM,MM,MM,MM,MM,23,MM,23,6.1,MM,MM
2021,12,11,1,15,150,6.7,MM,MM,MM,MM,MM,MM,23,MM,23,6.1,MM,MM
2021,12,11,0,55,150,6.7,MM,MM,MM,MM,MM,MM,23,MM,23,7,MM,MM
2021,12,11,0,35,150,5.7,MM,MM,MM,MM,MM,MM,23,MM,23,6.1,MM,MM
2021,12,11,0,15,160,6.2,MM,MM,MM,MM,MM,MM,23,MM,23,7,MM,MM
2021,12,10,23,55,150,7.2,MM,MM,MM,MM,MM,MM,23,MM,23,5.2,MM,MM
2021,12,10,23,35,150,5.7,MM,MM,MM,MM,MM,MM,23,MM,23,4.3,MM,MM
2021,12,10,23,15,150,5.7,MM,MM,MM,MM,MM,MM,23,MM,23,3.5,MM,MM
2021,12,10,22,55,150,5.1,MM,MM,MM,MM,MM,MM,23,MM,23,2.6,MM,MM
2021,12,10,22,35,150,5.7,MM,MM,MM,MM,MM,MM,23,MM,23,3.5,MM,MM
2021,12,10,22,15,180,3.6,MM,MM,MM,MM,MM,MM,24,MM,23,4.3,MM,MM
2021,12,10,21,55,190,3.6,MM,MM,MM,MM,MM,MM,24,MM,23,5.2,MM,MM
2021,12,10,21,35,180,3.6,MM,MM,MM,MM,MM,MM,24,MM,23,5.2,MM,MM
2021,12,10,21,15,200,3.6,6.7,MM,MM,MM,MM,MM,24,MM,23,7.8,MM,MM
2021,12,10,20,55,190,3.6,MM,MM,MM,MM,MM,MM,24,MM,23,3.5,MM,MM
2021,12,10,20,35,190,3.6,MM,MM,MM,MM,MM,MM,24,MM,23,2.2,MM,MM
2021,12,10,20,15,200,4.1,6.7,MM,MM,MM,MM,MM,24,MM,23,1.7,MM,MM
2021,12,10,19,55,200,5.1,MM,MM,MM,MM,MM,MM,24,MM,23,4.3,MM,MM
2021,12,10,19,35,190,6.2,MM,MM,MM,MM,MM,MM,24,MM,23,5.2,MM,MM
2021,12,10,19,15,190,6.2,MM,MM,MM,MM,MM,MM,24,MM,23,7,MM,MM
2021,12,10,18,55,190,5.1,MM,MM,MM,MM,MM,MM,24,MM,23,6.1,MM,MM
2021,12,10,18,35,200,6.2,MM,MM,MM,MM,MM,MM,24,MM,23,2.6,MM,MM
2021,12,10,18,10,MM,3.1,MM,MM,MM,MM,MM,MM,24,MM,23,2.6,MM,MM
2021,12,10,17,55,180,3.6,MM,MM,MM,MM,MM,MM,24,MM,23,3.5,MM,MM
2021,12,10,17,35,MM,3.1,6.2,MM,MM,MM,MM,MM,24,MM,23,5.2,MM,MM
2021,12,10,17,15,MM,3.1,5.7,MM,MM,MM,MM,MM,24,MM,23,2.6,MM,MM
2021,12,10,16,55,170,4.6,MM,MM,MM,MM,MM,MM,24,MM,23,5.2,MM,MM
2021,12,10,16,35,190,3.6,MM,MM,MM,MM,MM,MM,24,MM,23,6.1,MM,MM
2021,12,10,16,15,190,3.6,7.2,MM,MM,MM,MM,MM,24,MM,23,7.8,MM,MM
2021,12,10,15,55,190,4.1,MM,MM,MM,MM,MM,MM,24,MM,23,7,MM,MM
2021,12,10,15,35,MM,3.6,6.7,MM,MM,MM,MM,MM,24,MM,23,8.7,MM,MM
2021,12,10,15,15,MM,2.6,7.2,MM,MM,MM,MM,MM,24,MM,23,7.8,MM,MM
2021,12,10,14,55,180,3.6,7.2,MM,MM,MM,MM,MM,24,MM,23,7.8,MM,MM
2021,12,10,14,35,180,4.6,MM,MM,MM,MM,MM,MM,24,MM,23,7.8,MM,MM
2021,12,10,14,15,200,4.6,7.7,MM,MM,MM,MM,MM,24,MM,23,7,MM,MM
2021,12,10,13,55,180,4.6,MM,MM,MM,MM,MM,MM,23,MM,23,6.1,MM,MM
2021,12,10,13,35,170,4.6,8.2,MM,MM,MM,MM,MM,23,MM,23,5.2,MM,MM
2021,12,10,13,15,150,6.7,MM,MM,MM,MM,MM,MM,23,MM,23,6.1,MM,MM
2021,12,10,12,55,150,6.2,MM,MM,MM,MM,MM,MM,23,MM,23,5.2,MM,MM
2021,12,10,12,35,150,6.7,MM,MM,MM,MM,MM,MM,23,MM,23,3.5,MM,MM
2021,12,10,12,15,150,6.7,MM,MM,MM,MM,MM,MM,23,MM,22,6.1,MM,MM
2021,12,10,11,55,150,5.7,MM,MM,MM,MM,MM,MM,23,MM,22,5.2,MM,MM
2021,12,10,11,35,160,4.1,MM,MM,MM,MM,MM,MM,23,MM,22,6.1,MM,MM
2021,12,10,11,15,160,4.1,MM,MM,MM,MM,MM,MM,23,MM,22,6.1,MM,MM
2021,12,10,10,55,170,3.6,MM,MM,MM,MM,MM,MM,23,MM,22,5.2,MM,MM
2021,12,10,10,35,180,3.6,MM,MM,MM,MM,MM,MM,23,MM,22,5.2,MM,MM
2021,12,10,10,15,200,4.1,MM,MM,MM,MM,MM,MM,23,MM,22,6.1,MM,MM
2021,12,10,9,55,190,6.7,MM,MM,MM,MM,MM,MM,23,MM,22,6.1,MM,MM
2021,12,10,9,35,200,7.7,MM,MM,MM,MM,MM,MM,23,MM,22,6.1,MM,MM
2021,12,10,9,15,190,7.2,MM,MM,MM,MM,MM,MM,23,MM,22,7.8,MM,MM
2021,12,10,8,55,200,8.2,MM,MM,MM,MM,MM,MM,23,MM,22,7,MM,MM
2021,12,10,8,35,190,8.2,MM,MM,MM,MM,MM,MM,23,MM,22,7.8,MM,MM
2021,12,10,8,15,190,8.8,MM,MM,MM,MM,MM,MM,23,MM,22,8.7,MM,MM
2021,12,10,7,55,190,8.2,MM,MM,MM,MM,MM,MM,23,MM,22,8.7,MM,MM
2021,12,10,7,35,200,8.8,MM,MM,MM,MM,MM,MM,23,MM,22,8.7,MM,MM
2021,12,10,7,15,200,9.3,MM,MM,MM,MM,MM,MM,23,MM,22,8.7,MM,MM
2021,12,10,6,55,200,9.3,MM,MM,MM,MM,MM,MM,23,MM,22,8.7,MM,MM
2021,12,10,6,35,200,9.3,MM,MM,MM,MM,MM,MM,23,MM,22,8.7,MM,MM
2021,12,10,6,15,200,9.8,MM,MM,MM,MM,MM,MM,23,MM,22,8.7,MM,MM
2021,12,10,5,55,200,9.3,MM,MM,MM,MM,MM,MM,23,MM,22,8.7,MM,MM
2021,12,10,5,35,190,8.8,MM,MM,MM,MM,MM,MM,23,MM,22,8.7,MM,MM
2021,12,10,5,15,200,9.3,MM,MM,MM,MM,MM,MM,23,MM,22,8.7,MM,MM
2021,12,10,4,50,200,8.8,MM,MM,MM,MM,MM,MM,24,MM,22,8.7,MM,MM
2021,12,10,4,35,200,8.2,MM,MM,MM,MM,MM,MM,23,MM,23,8.7,MM,MM
2021,12,10,4,15,200,9.8,MM,MM,MM,MM,MM,MM,23,MM,23,8.7,MM,MM
2021,12,10,3,55,200,8.8,MM,MM,MM,MM,MM,MM,23,MM,23,7.8,MM,MM
2021,12,10,3,35,200,9.3,MM,MM,MM,MM,MM,MM,23,MM,23,7.8,MM,MM
2021,12,10,3,15,210,9.3,MM,MM,MM,MM,MM,MM,23,MM,23,7.8,MM,MM
2021,12,10,2,55,200,8.8,MM,MM,MM,MM,MM,MM,23,MM,23,6.1,MM,MM
2021,12,10,2,35,200,9.3,MM,MM,MM,MM,MM,MM,24,MM,23,4.3,MM,MM
2021,12,10,2,15,200,9.8,MM,MM,MM,MM,MM,MM,24,MM,23,7.8,MM,MM
2021,12,10,1,55,200,9.8,MM,MM,MM,MM,MM,MM,24,MM,23,8.7,MM,MM
2021,12,10,1,35,190,9.3,MM,MM,MM,MM,MM,MM,24,MM,23,8.7,MM,MM
2021,12,10,1,15,190,8.2,MM,MM,MM,MM,MM,MM,24,MM,23,8.7,MM,MM
2021,12,10,0,55,200,8.2,MM,MM,MM,MM,MM,MM,24,MM,23,8.7,MM,MM
2021,12,10,0,35,200,8.2,10.8,MM,MM,MM,MM,MM,24,MM,23,8.7,MM,MM
2021,12,10,0,15,190,9.3,MM,MM,MM,MM,MM,MM,24,MM,23,8.7,MM,MM
2021,12,9,23,55,200,7.2,MM,MM,MM,MM,MM,MM,24,MM,23,8.7,MM,MM
2021,12,9,23,35,190,8.8,MM,MM,MM,MM,MM,MM,24,MM,22,8.7,MM,MM
2021,12,9,23,15,200,9.3,MM,MM,MM,MM,MM,MM,24,MM,22,8.7,MM,MM
2021,12,9,22,55,200,9.3,MM,MM,MM,MM,MM,MM,24,MM,22,8.7,MM,MM
2021,12,9,22,35,200,8.8,MM,MM,MM,MM,MM,MM,24,MM,22,8.7,MM,MM
2021,12,9,22,15,200,7.7,MM,MM,MM,MM,MM,MM,24,MM,22,8.7,MM,MM
2021,12,9,21,55,200,8.2,MM,MM,MM,MM,MM,MM,24,MM,22,8.7,MM,MM
2021,12,9,21,35,200,8.2,MM,MM,MM,MM,MM,MM,24,MM,22,8.7,MM,MM
2021,12,9,21,15,200,8.8,MM,MM,MM,MM,MM,MM,24,MM,22,8.7,MM,MM
2021,12,9,20,55,200,8.2,MM,MM,MM,MM,MM,MM,24,MM,22,8.7,MM,MM
2021,12,9,20,35,MM,3.1,5.7,MM,MM,MM,MM,MM,24,MM,23,3.5,MM,MM
2021,12,9,20,15,190,3.6,6.7,MM,MM,MM,MM,MM,23,MM,23,5.2,MM,MM
2021,12,9,19,55,170,4.6,7.2,MM,MM,MM,MM,MM,23,MM,22,5.2,MM,MM
2021,12,9,19,35,170,4.6,8.2,MM,MM,MM,MM,MM,23,MM,22,4.3,MM,MM
2021,12,9,19,15,170,4.1,MM,MM,MM,MM,MM,MM,23,MM,22,6.1,MM,MM
2021,12,9,18,55,180,4.1,6.7,MM,MM,MM,MM,MM,23,MM,22,7.8,MM,MM
2021,12,9,18,35,180,3.6,MM,MM,MM,MM,MM,MM,23,MM,22,7.8,MM,MM
2021,12,9,18,15,180,4.6,7.2,MM,MM,MM,MM,MM,23,MM,22,7,MM,MM
2021,12,9,17,55,170,4.6,MM,MM,MM,MM,MM,MM,23,MM,22,7.8,MM,MM
2021,12,9,17,35,160,4.6,MM,MM,MM,MM,MM,MM,23,MM,22,8.7,MM,MM
2021,12,9,17,15,160,4.1,MM,MM,MM,MM,MM,MM,23,MM,22,8.7,MM,MM
2021,12,9,16,55,180,4.1,MM,MM,MM,MM,MM,MM,24,MM,22,7.8,MM,MM
2021,12,9,16,35,170,4.6,MM,MM,MM,MM,MM,MM,23,MM,22,7.8,MM,MM
2021,12,9,16,15,160,4.6,MM,MM,MM,MM,MM,MM,23,MM,22,7,MM,MM
2021,12,9,15,55,150,5.7,MM,MM,MM,MM,MM,MM,23,MM,22,7.8,MM,MM
2021,12,9,15,35,150,5.1,MM,MM,MM,MM,MM,MM,23,MM,22,8.7,MM,MM
2021,12,9,15,15,150,5.7,MM,MM,MM,MM,MM,MM,23,MM,22,8.7,MM,MM
2021,12,9,14,55,150,6.7,MM,MM,MM,MM,MM,MM,23,MM,22,8.7,MM,MM
2021,12,9,14,35,150,7.2,MM,MM,MM,MM,MM,MM,23,MM,22,8.7,MM,MM
2021,12,9,14,15,150,6.2,MM,MM,MM,MM,MM,MM,23,MM,22,8.7,MM,MM
2021,12,9,13,55,140,5.7,MM,MM,MM,MM,MM,MM,23,MM,22,7.8,MM,MM
2021,12,9,13,35,140,4.6,MM,MM,MM,MM,MM,MM,23,MM,22,8.7,MM,MM
2021,12,9,13,15,140,5.1,MM,MM,MM,MM,MM,MM,22,MM,21,8.7,MM,MM
2021,12,9,12,55,140,4.6,MM,MM,MM,MM,MM,MM,22,MM,21,8.7,MM,MM
2021,12,9,12,35,140,6.2,MM,MM,MM,MM,MM,MM,22,MM,21,8.7,MM,MM
2021,12,9,12,15,140,6.7,MM,MM,MM,MM,MM,MM,22,MM,21,8.7,MM,MM
2021,12,9,11,55,130,6.7,MM,MM,MM,MM,MM,MM,22,MM,21,8.7,MM,MM
2021,12,9,11,35,130,6.2,MM,MM,MM,MM,MM,MM,22,MM,20,8.7,MM,MM
2021,12,9,11,15,130,6.2,MM,MM,MM,MM,MM,MM,22,MM,20,8.7,MM,MM
2021,12,9,10,55,120,6.2,MM,MM,MM,MM,MM,MM,22,MM,20,8.7,MM,MM
2021,12,9,10,35,110,5.7,MM,MM,MM,MM,MM,MM,21,MM,20,8.7,MM,MM
2021,12,9,10,15,100,5.7,MM,MM,MM,MM,MM,MM,21,MM,20,8.7,MM,MM
2021,12,9,9,55,110,5.1,MM,MM,MM,MM,MM,MM,21,MM,20,8.7,MM,MM
2021,12,9,9,35,90,6.2,MM,MM,MM,MM,MM,MM,21,MM,20,8.7,MM,MM
2021,12,9,9,15,100,5.7,MM,MM,MM,MM,MM,MM,21,MM,19,8.7,MM,MM
2021,12,9,8,55,90,5.7,MM,MM,MM,MM,MM,MM,21,MM,20,8.7,MM,MM
2021,12,9,8,35,90,5.7,MM,MM,MM,MM,MM,MM,21,MM,19,8.7,MM,MM
2021,12,9,8,15,100,5.1,MM,MM,MM,MM,MM,MM,21,MM,19,8.7,MM,MM
2021,12,9,7,55,70,4.6,MM,MM,MM,MM,MM,MM,21,MM,19,8.7,MM,MM
2021,12,9,7,35,60,5.1,MM,MM,MM,MM,MM,MM,21,MM,19,8.7,MM,MM
2021,12,9,7,15,60,5.1,MM,MM,MM,MM,MM,MM,21,MM,19,8.7,MM,MM
2021,12,9,6,55,60,5.1,MM,MM,MM,MM,MM,MM,21,MM,19,8.7,MM,MM
2021,12,9,6,35,60,4.6,MM,MM,MM,MM,MM,MM,21,MM,19,8.7,MM,MM
2021,12,9,6,15,60,4.1,MM,MM,MM,MM,MM,MM,21,MM,19,8.7,MM,MM
2021,12,9,5,55,60,4.6,MM,MM,MM,MM,MM,MM,21,MM,19,8.7,MM,MM
2021,12,9,5,35,60,4.6,MM,MM,MM,MM,MM,MM,21,MM,19,8.7,MM,MM
2021,12,9,5,15,60,4.1,MM,MM,MM,MM,MM,MM,21,MM,19,8.7,MM,MM
2021,12,9,4,55,60,4.1,MM,MM,MM,MM,MM,MM,21,MM,19,8.7,MM,MM
2021,12,9,4,35,50,5.1,MM,MM,MM,MM,MM,MM,21,MM,19,8.7,MM,MM
2021,12,9,4,15,50,4.1,MM,MM,MM,MM,MM,MM,21,MM,19,8.7,MM,MM
2021,12,9,3,55,50,3.6,6.2,MM,MM,MM,MM,MM,21,MM,19,8.7,MM,MM
2021,12,9,3,35,30,4.6,MM,MM,MM,MM,MM,MM,21,MM,19,8.7,MM,MM
2021,12,9,3,15,20,5.1,MM,MM,MM,MM,MM,MM,21,MM,19,8.7,MM,MM
2021,12,9,2,55,50,2.6,MM,MM,MM,MM,MM,MM,21,MM,19,8.7,MM,MM
2021,12,9,2,35,30,4.1,MM,MM,MM,MM,MM,MM,21,MM,19,8.7,MM,MM
2021,12,9,2,15,60,3.6,MM,MM,MM,MM,MM,MM,21,MM,19,8.7,MM,MM
2021,12,9,1,55,90,3.1,MM,MM,MM,MM,MM,MM,21,MM,19,8.7,MM,MM
2021,12,9,1,35,110,3.6,MM,MM,MM,MM,MM,MM,21,MM,19,8.7,MM,MM
2021,12,9,1,15,90,4.1,MM,MM,MM,MM,MM,MM,20,MM,19,8.7,MM,MM
2021,12,9,0,55,100,4.6,MM,MM,MM,MM,MM,MM,20,MM,18,8.7,MM,MM
2021,12,9,0,35,60,4.6,MM,MM,MM,MM,MM,MM,20,MM,18,8.7,MM,MM
2021,12,9,0,15,50,4.6,MM,MM,MM,MM,MM,MM,20,MM,18,8.7,MM,MM
2021,12,8,23,55,30,7.2,MM,MM,MM,MM,MM,MM,20,MM,18,8.7,MM,MM
2021,12,8,23,35,30,7.2,MM,MM,MM,MM,MM,MM,20,MM,18,8.7,MM,MM
2021,12,8,23,15,20,9.3,MM,MM,MM,MM,MM,MM,20,MM,19,8.7,MM,MM
2021,12,8,22,55,30,7.2,MM,MM,MM,MM,MM,MM,21,MM,19,8.7,MM,MM
2021,12,8,22,35,20,8.2,MM,MM,MM,MM,MM,MM,21,MM,19,8.7,MM,MM
2021,12,8,22,15,30,7.7,MM,MM,MM,MM,MM,MM,21,MM,19,8.7,MM,MM
2021,12,8,21,55,30,7.2,MM,MM,MM,MM,MM,MM,21,MM,19,8.7,MM,MM
2021,12,8,21,35,10,4.6,9.3,MM,MM,MM,MM,MM,21,MM,19,8.7,MM,MM
2021,12,8,21,15,20,7.2,MM,MM,MM,MM,MM,MM,21,MM,20,8.7,MM,MM
2021,12,8,20,55,360,4.1,8.8,MM,MM,MM,MM,MM,22,MM,20,8.7,MM,MM
2021,12,8,20,35,MM,2.1,MM,MM,MM,MM,MM,MM,23,MM,20,8.7,MM,MM
2021,12,8,20,15,0,MM,6.7,MM,MM,MM,MM,MM,24,MM,21,8.7,MM,MM
2021,12,8,19,55,290,3.1,MM,MM,MM,MM,MM,MM,25,MM,22,8.7,MM,MM
2021,12,8,19,35,MM,2.1,MM,MM,MM,MM,MM,MM,25,MM,22,8.7,MM,MM
2021,12,8,19,15,MM,2.6,MM,MM,MM,MM,MM,MM,25,MM,22,8.7,MM,MM
2021,12,8,18,55,290,3.1,MM,MM,MM,MM,MM,MM,25,MM,22,8.7,MM,MM
2021,12,8,18,35,290,3.6,MM,MM,MM,MM,MM,MM,25,MM,22,8.7,MM,MM
2021,12,8,18,15,MM,1.5,MM,MM,MM,MM,MM,MM,25,MM,22,8.7,MM,MM
2021,12,8,17,55,300,2.6,MM,MM,MM,MM,MM,MM,26,MM,22,8.7,MM,MM
2021,12,8,17,35,MM,2.1,MM,MM,MM,MM,MM,MM,26,MM,22,8.7,MM,MM
2021,12,8,17,15,MM,1.5,MM,MM,MM,MM,MM,MM,26,MM,22,8.7,MM,MM
2021,12,8,16,55,MM,1.5,MM,MM,MM,MM,MM,MM,26,MM,22,8.7,MM,MM
2021,12,8,16,35,MM,2.6,MM,MM,MM,MM,MM,MM,26,MM,22,8.7,MM,MM
2021,12,8,16,15,MM,2.1,MM,MM,MM,MM,MM,MM,26,MM,22,8.7,MM,MM
2021,12,8,15,55,MM,2.1,MM,MM,MM,MM,MM,MM,25,MM,22,8.7,MM,MM
2021,12,8,15,35,280,2.6,MM,MM,MM,MM,MM,MM,25,MM,22,8.7,MM,MM
2021,12,8,15,15,MM,2.6,MM,MM,MM,MM,MM,MM,25,MM,22,8.7,MM,MM
2021,12,8,14,55,280,3.6,MM,MM,MM,MM,MM,MM,25,MM,21,8.7,MM,MM
2021,12,8,14,35,MM,2.6,5.1,MM,MM,MM,MM,MM,26,MM,22,8.7,MM,MM
2021,12,8,14,15,290,3.6,6.7,MM,MM,MM,MM,MM,25,MM,22,8.7,MM,MM
2021,12,8,13,55,270,4.6,MM,MM,MM,MM,MM,MM,25,MM,22,8.7,MM,MM
2021,12,8,13,35,MM,1.5,MM,MM,MM,MM,MM,MM,25,MM,22,8.7,MM,MM
2021,12,8,13,15,MM,2.6,MM,MM,MM,MM,MM,MM,24,MM,22,7.8,MM,MM
2021,12,8,12,55,MM,2.1,MM,MM,MM,MM,MM,MM,24,MM,22,7.8,MM,MM
2021,12,8,12,35,MM,0,MM,MM,MM,MM,MM,MM,23,MM,22,5.2,MM,MM
2021,12,8,12,15,MM,0,MM,MM,MM,MM,MM,MM,23,MM,22,5.2,MM,MM
2021,12,8,11,55,MM,1.5,6.7,MM,MM,MM,MM,MM,23,MM,21,7.8,MM,MM
2021,12,8,11,35,210,8.2,MM,MM,MM,MM,MM,MM,23,MM,21,4.3,MM,MM
2021,12,8,11,15,210,6.2,MM,MM,MM,MM,MM,MM,22,MM,21,3.5,MM,MM
2021,12,8,10,55,210,6.7,10.3,MM,MM,MM,MM,MM,23,MM,22,1.5,MM,MM
2021,12,8,10,35,160,3.6,MM,MM,MM,MM,MM,MM,23,MM,22,4.3,MM,MM
2021,12,8,10,15,150,3.6,MM,MM,MM,MM,MM,MM,23,MM,22,5.2,MM,MM
2021,12,8,9,55,180,3.1,MM,MM,MM,MM,MM,MM,23,MM,22,7,MM,MM
2021,12,8,9,35,160,4.1,MM,MM,MM,MM,MM,MM,23,MM,22,7.8,MM,MM
2021,12,8,9,15,160,3.6,MM,MM,MM,MM,MM,MM,23,MM,22,7.8,MM,MM
2021,12,8,8,55,170,3.6,MM,MM,MM,MM,MM,MM,23,MM,21,7.8,MM,MM
2021,12,8,8,35,180,3.6,MM,MM,MM,MM,MM,MM,23,MM,21,8.7,MM,MM
2021,12,8,8,15,190,3.6,MM,MM,MM,MM,MM,MM,23,MM,21,8.7,MM,MM
2021,12,8,7,55,180,3.6,MM,MM,MM,MM,MM,MM,23,MM,21,8.7,MM,MM
2021,12,8,7,35,180,4.1,MM,MM,MM,MM,MM,MM,23,MM,21,8.7,MM,MM
2021,12,8,7,15,MM,MM,MM,MM,MM,MM,MM,MM,MM,MM,MM,MM,MM,MM
2021,12,8,6,55,160,3.6,MM,MM,MM,MM,MM,MM,23,MM,21,8.7,MM,MM
2021,12,8,6,35,190,6.2,MM,MM,MM,MM,MM,MM,23,MM,20,8.7,MM,MM
2021,12,8,6,15,200,3.6,MM,MM,MM,MM,MM,MM,23,MM,21,8.7,MM,MM
2021,12,8,5,55,180,4.6,MM,MM,MM,MM,MM,MM,23,MM,21,8.7,MM,MM
2021,12,8,5,35,190,5.1,MM,MM,MM,MM,MM,MM,23,MM,22,6.1,MM,MM
2021,12,8,5,15,200,5.1,MM,MM,MM,MM,MM,MM,23,MM,22,7,MM,MM
2021,12,8,4,55,180,4.1,MM,MM,MM,MM,MM,MM,23,MM,22,4.3,MM,MM
2021,12,8,4,35,190,5.7,MM,MM,MM,MM,MM,MM,23,MM,22,4.3,MM,MM
2021,12,8,4,15,190,6.2,MM,MM,MM,MM,MM,MM,23,MM,22,4.3,MM,MM
2021,12,8,3,55,180,4.6,MM,MM,MM,MM,MM,MM,23,MM,22,3.5,MM,MM
2021,12,8,3,35,200,6.2,MM,MM,MM,MM,MM,MM,23,MM,22,3.5,MM,MM
2021,12,8,3,15,200,6.7,MM,MM,MM,MM,MM,MM,23,MM,22,4.3,MM,MM
2021,12,8,2,55,190,6.2,MM,MM,MM,MM,MM,MM,23,MM,22,3.5,MM,MM
2021,12,8,2,35,190,3.6,6.7,MM,MM,MM,MM,MM,23,MM,22,4.3,MM,MM
2021,12,8,2,15,190,5.1,MM,MM,MM,MM,MM,MM,23,MM,22,5.2,MM,MM
2021,12,8,1,55,MM,3.1,6.2,MM,MM,MM,MM,MM,23,MM,22,5.2,MM,MM
2021,12,8,1,35,MM,3.1,MM,MM,MM,MM,MM,MM,23,MM,22,4.3,MM,MM
2021,12,8,1,15,MM,4.1,6.7,MM,MM,MM,MM,MM,23,MM,22,4.3,MM,MM
2021,12,8,0,55,MM,2.6,7.2,MM,MM,MM,MM,MM,23,MM,22,6.1,MM,MM
2021,12,8,0,35,180,3.6,MM,MM,MM,MM,MM,MM,23,MM,22,6.1,MM,MM
2021,12,8,0,15,190,6.2,MM,MM,MM,MM,MM,MM,23,MM,22,7,MM,MM
2021,12,7,23,55,190,6.2,MM,MM,MM,MM,MM,MM,24,MM,21,8.7,MM,MM
2021,12,7,23,35,190,5.7,8.2,MM,MM,MM,MM,MM,24,MM,22,7.8,MM,MM
2021,12,7,23,15,200,7.7,MM,MM,MM,MM,MM,MM,23,MM,22,7.8,MM,MM
2021,12,7,22,55,210,5.7,MM,MM,MM,MM,MM,MM,24,MM,21,8.7,MM,MM
2021,12,7,22,35,210,5.7,MM,MM,MM,MM,MM,MM,24,MM,21,8.7,MM,MM
2021,12,7,22,15,210,6.2,MM,MM,MM,MM,MM,MM,24,MM,21,7.8,MM,MM
2021,12,7,21,55,200,5.7,MM,MM,MM,MM,MM,MM,24,MM,22,5.2,MM,MM
2021,12,7,21,35,200,6.2,MM,MM,MM,MM,MM,MM,23,MM,22,4.3,MM,MM
2021,12,7,21,15,200,6.7,MM,MM,MM,MM,MM,MM,24,MM,22,3.5,MM,MM
2021,12,7,20,55,190,7.2,MM,MM,MM,MM,MM,MM,24,MM,22,4.3,MM,MM
2021,12,7,20,35,190,6.7,MM,MM,MM,MM,MM,MM,24,MM,22,6.1,MM,MM
2021,12,7,20,15,200,6.2,MM,MM,MM,MM,MM,MM,24,MM,22,7,MM,MM
2021,12,7,19,55,200,6.2,MM,MM,MM,MM,MM,MM,24,MM,22,4.3,MM,MM
2021,12,7,19,35,200,7.2,MM,MM,MM,MM,MM,MM,24,MM,22,3.5,MM,MM
2021,12,7,19,15,210,7.2,MM,MM,MM,MM,MM,MM,24,MM,22,3.5,MM,MM
2021,12,7,18,55,200,6.7,MM,MM,MM,MM,MM,MM,24,MM,22,3.5,MM,MM
2021,12,7,18,35,210,6.7,MM,MM,MM,MM,MM,MM,24,MM,22,4.3,MM,MM
2021,12,7,18,15,210,7.2,MM,MM,MM,MM,MM,MM,24,MM,22,4.3,MM,MM
2021,12,7,17,55,200,6.7,MM,MM,MM,MM,MM,MM,24,MM,22,4.3,MM,MM
2021,12,7,17,35,200,6.7,MM,MM,MM,MM,MM,MM,24,MM,22,3.5,MM,MM
2021,12,7,17,15,200,6.7,MM,MM,MM,MM,MM,MM,24,MM,22,4.3,MM,MM
2021,12,7,16,55,190,6.7,MM,MM,MM,MM,MM,MM,24,MM,22,3.5,MM,MM
2021,12,7,16,35,190,7.2,MM,MM,MM,MM,MM,MM,24,MM,22,4.3,MM,MM
2021,12,7,16,15,200,7.2,MM,MM,MM,MM,MM,MM,24,MM,22,5.2,MM,MM
2021,12,7,15,55,190,5.1,MM,MM,MM,MM,MM,MM,24,MM,22,4.3,MM,MM
2021,12,7,15,35,190,5.1,MM,MM,MM,MM,MM,MM,24,MM,22,4.3,MM,MM
2021,12,7,15,15,200,4.1,MM,MM,MM,MM,MM,MM,24,MM,22,3.5,MM,MM
2021,12,7,14,55,190,3.1,5.7,MM,MM,MM,MM,MM,24,MM,22,4.3,MM,MM
2021,12,7,14,35,190,5.1,MM,MM,MM,MM,MM,MM,23,MM,22,5.2,MM,MM
2021,12,7,14,15,190,5.1,MM,MM,MM,MM,MM,MM,23,MM,22,4.3,MM,MM
2021,12,7,13,55,190,4.1,MM,MM,MM,MM,MM,MM,23,MM,22,3.5,MM,MM
2021,12,7,13,35,180,3.1,MM,MM,MM,MM,MM,MM,23,MM,22,5.2,MM,MM
2021,12,7,13,15,180,3.1,MM,MM,MM,MM,MM,MM,23,MM,22,5.2,MM,MM
2021,12,7,12,55,180,3.6,MM,MM,MM,MM,MM,MM,23,MM,22,8.7,MM,MM
2021,12,7,12,35,190,4.1,MM,MM,MM,MM,MM,MM,23,MM,21,8.7,MM,MM
2021,12,7,12,15,190,4.1,MM,MM,MM,MM,MM,MM,23,MM,21,8.7,MM,MM
2021,12,7,11,55,190,5.1,MM,MM,MM,MM,MM,MM,23,MM,21,8.7,MM,MM
2021,12,7,11,35,210,5.1,MM,MM,MM,MM,MM,MM,23,MM,20,8.7,MM,MM
2021,12,7,11,15,200,5.7,MM,MM,MM,MM,MM,MM,23,MM,21,8.7,MM,MM
2021,12,7,10,55,200,7.2,MM,MM,MM,MM,MM,MM,23,MM,20,8.7,MM,MM
2021,12,7,10,35,200,6.7,MM,MM,MM,MM,MM,MM,23,MM,20,8.7,MM,MM
2021,12,7,10,15,200,5.7,MM,MM,MM,MM,MM,MM,23,MM,20,8.7,MM,MM
2021,12,7,9,55,200,5.1,MM,MM,MM,MM,MM,MM,23,MM,20,8.7,MM,MM
2021,12,7,9,35,180,4.6,MM,MM,MM,MM,MM,MM,22,MM,20,8.7,MM,MM
2021,12,7,9,15,180,3.1,MM,MM,MM,MM,MM,MM,22,MM,20,8.7,MM,MM
2021,12,7,8,55,150,5.1,MM,MM,MM,MM,MM,MM,22,MM,20,8.7,MM,MM
2021,12,7,8,35,150,4.6,MM,MM,MM,MM,MM,MM,22,MM,20,8.7,MM,MM
2021,12,7,8,15,150,5.1,MM,MM,MM,MM,MM,MM,22,MM,20,8.7,MM,MM
2021,12,7,7,55,140,5.1,MM,MM,MM,MM,MM,MM,22,MM,20,8.7,MM,MM
2021,12,7,7,35,140,5.7,MM,MM,MM,MM,MM,MM,22,MM,20,7.8,MM,MM
2021,12,7,7,15,130,5.7,MM,MM,MM,MM,MM,MM,22,MM,20,8.7,MM,MM
2021,12,7,6,55,110,5.7,MM,MM,MM,MM,MM,MM,22,MM,20,8.7,MM,MM
2021,12,7,6,35,90,5.7,MM,MM,MM,MM,MM,MM,22,MM,20,8.7,MM,MM
2021,12,7,6,15,70,5.7,MM,MM,MM,MM,MM,MM,22,MM,20,8.7,MM,MM
2021,12,7,5,55,80,5.1,MM,MM,MM,MM,MM,MM,22,MM,20,8.7,MM,MM
2021,12,7,5,35,70,4.1,MM,MM,MM,MM,MM,MM,22,MM,20,8.7,MM,MM
2021,12,7,5,15,60,4.6,MM,MM,MM,MM,MM,MM,21,MM,20,8.7,MM,MM
2021,12,7,4,55,40,3.1,MM,MM,MM,MM,MM,MM,21,MM,19,8.7,MM,MM
2021,12,7,4,35,MM,0,MM,MM,MM,MM,MM,MM,22,MM,19,8.7,MM,MM
2021,12,7,4,15,MM,0,MM,MM,MM,MM,MM,MM,22,MM,19,8.7,MM,MM
2021,12,7,3,55,290,2.6,MM,MM,MM,MM,MM,MM,23,MM,21,8.7,MM,MM
2021,12,7,3,35,MM,0,MM,MM,MM,MM,MM,MM,23,MM,21,8.7,MM,MM
2021,12,7,3,15,MM,0,MM,MM,MM,MM,MM,MM,23,MM,21,8.7,MM,MM
2021,12,7,2,55,MM,1.5,MM,MM,MM,MM,MM,MM,23,MM,21,8.7,MM,MM
2021,12,7,2,35,MM,0,MM,MM,MM,MM,MM,MM,23,MM,21,8.7,MM,MM
2021,12,7,2,15,MM,0,MM,MM,MM,MM,MM,MM,23,MM,21,8.7,MM,MM
2021,12,7,1,55,MM,0,MM,MM,MM,MM,MM,MM,23,MM,21,8.7,MM,MM
2021,12,7,1,35,MM,0,MM,MM,MM,MM,MM,MM,23,MM,21,8.7,MM,MM
2021,12,7,1,15,MM,0,MM,MM,MM,MM,MM,MM,24,MM,21,8.7,MM,MM
2021,12,7,0,55,MM,0,MM,MM,MM,MM,MM,MM,24,MM,21,8.7,MM,MM
2021,12,7,0,35,MM,2.6,MM,MM,MM,MM,MM,MM,24,MM,21,8.7,MM,MM
2021,12,7,0,15,MM,2.6,5.7,MM,MM,MM,MM,MM,24,MM,21,8.7,MM,MM
2021,12,6,23,55,210,5.7,MM,MM,MM,MM,MM,MM,23,MM,21,8.7,MM,MM
2021,12,6,23,35,200,5.7,MM,MM,MM,MM,MM,MM,23,MM,21,8.7,MM,MM
2021,12,6,23,15,210,5.7,MM,MM,MM,MM,MM,MM,23,MM,21,7.8,MM,MM
2021,12,6,22,55,200,5.7,MM,MM,MM,MM,MM,MM,23,MM,21,7.8,MM,MM
2021,12,6,22,35,210,5.7,MM,MM,MM,MM,MM,MM,23,MM,21,7.8,MM,MM
2021,12,6,22,15,210,6.2,MM,MM,MM,MM,MM,MM,23,MM,21,7.8,MM,MM
2021,12,6,21,55,200,6.2,MM,MM,MM,MM,MM,MM,23,MM,21,8.7,MM,MM
2021,12,6,21,35,200,6.7,MM,MM,MM,MM,MM,MM,24,MM,21,8.7,MM,MM
2021,12,6,21,15,190,5.7,MM,MM,MM,MM,MM,MM,24,MM,21,8.7,MM,MM
2021,12,6,20,55,200,4.6,MM,MM,MM,MM,MM,MM,24,MM,21,8.7,MM,MM
2021,12,6,20,35,200,4.6,MM,MM,MM,MM,MM,MM,24,MM,21,8.7,MM,MM
2021,12,6,20,15,200,6.2,MM,MM,MM,MM,MM,MM,24,MM,21,7.8,MM,MM
2021,12,6,19,55,210,5.7,MM,MM,MM,MM,MM,MM,24,MM,21,8.7,MM,MM
2021,12,6,19,35,210,5.7,MM,MM,MM,MM,MM,MM,24,MM,21,7,MM,MM
2021,12,6,19,15,200,6.7,MM,MM,MM,MM,MM,MM,24,MM,21,5.2,MM,MM
2021,12,6,18,55,210,6.7,MM,MM,MM,MM,MM,MM,24,MM,21,5.2,MM,MM
2021,12,6,18,35,210,7.2,MM,MM,MM,MM,MM,MM,24,MM,21,6.1,MM,MM
2021,12,6,18,15,210,6.7,MM,MM,MM,MM,MM,MM,24,MM,21,7,MM,MM
2021,12,6,17,55,200,6.7,MM,MM,MM,MM,MM,MM,23,MM,21,6.1,MM,MM
2021,12,6,17,35,200,7.2,MM,MM,MM,MM,MM,MM,23,MM,21,7,MM,MM
2021,12,6,17,15,190,6.2,MM,MM,MM,MM,MM,MM,24,MM,21,7.8,MM,MM
2021,12,6,16,55,190,5.7,MM,MM,MM,MM,MM,MM,24,MM,21,7,MM,MM
2021,12,6,16,35,180,3.1,MM,MM,MM,MM,MM,MM,23,MM,21,4.3,MM,MM
2021,12,6,16,15,170,4.6,MM,MM,MM,MM,MM,MM,23,MM,21,4.3,MM,MM
2021,12,6,15,55,180,3.6,MM,MM,MM,MM,MM,MM,23,MM,21,5.2,MM,MM
2021,12,6,15,35,MM,3.1,MM,MM,MM,MM,MM,MM,24,MM,21,6.1,MM,MM
2021,12,6,15,15,180,3.6,MM,MM,MM,MM,MM,MM,24,MM,21,5.2,MM,MM
2021,12,6,14,55,180,4.1,MM,MM,MM,MM,MM,MM,23,MM,21,5.2,MM,MM
2021,12,6,14,35,MM,3.1,5.7,MM,MM,MM,MM,MM,23,MM,21,4.3,MM,MM
2021,12,6,14,15,170,4.1,MM,MM,MM,MM,MM,MM,23,MM,21,4.3,MM,MM
2021,12,6,13,55,180,4.1,MM,MM,MM,MM,MM,MM,23,MM,21,4.3,MM,MM
2021,12,6,13,35,180,4.1,6.7,MM,MM,MM,MM,MM,23,MM,21,5.2,MM,MM
2021,12,6,13,15,170,4.1,MM,MM,MM,MM,MM,MM,23,MM,21,4.3,MM,MM
2021,12,6,12,55,160,5.7,MM,MM,MM,MM,MM,MM,23,MM,21,4.3,MM,MM
2021,12,6,12,35,150,6.7,MM,MM,MM,MM,MM,MM,22,MM,21,3.5,MM,MM
2021,12,6,12,15,150,5.7,MM,MM,MM,MM,MM,MM,23,MM,21,5.2,MM,MM
2021,12,6,11,55,160,4.6,MM,MM,MM,MM,MM,MM,23,MM,21,5.2,MM,MM
2021,12,6,11,35,170,5.1,7.7,MM,MM,MM,MM,MM,22,MM,21,5.2,MM,MM
2021,12,6,11,15,160,5.1,MM,MM,MM,MM,MM,MM,23,MM,21,5.2,MM,MM
2021,12,6,10,55,180,5.1,8.8,MM,MM,MM,MM,MM,22,MM,20,5.2,MM,MM
2021,12,6,10,35,160,5.1,MM,MM,MM,MM,MM,MM,23,MM,20,6.1,MM,MM
2021,12,6,10,15,160,5.1,MM,MM,MM,MM,MM,MM,23,MM,20,7,MM,MM
2021,12,6,9,55,160,4.6,MM,MM,MM,MM,MM,MM,23,MM,20,7.8,MM,MM
2021,12,6,9,35,150,6.2,MM,MM,MM,MM,MM,MM,23,MM,20,7.8,MM,MM
2021,12,6,9,15,150,7.2,MM,MM,MM,MM,MM,MM,23,MM,20,8.7,MM,MM
2021,12,6,8,55,160,5.7,MM,MM,MM,MM,MM,MM,23,MM,19,8.7,MM,MM
2021,12,6,8,35,150,7.2,MM,MM,MM,MM,MM,MM,23,MM,18,8.7,MM,MM
2021,12,6,8,15,160,5.7,8.8,MM,MM,MM,MM,MM,23,MM,19,8.7,MM,MM
2021,12,6,7,55,150,7.2,MM,MM,MM,MM,MM,MM,23,MM,19,8.7,MM,MM
2021,12,6,7,35,150,8.2,MM,MM,MM,MM,MM,MM,23,MM,19,8.7,MM,MM
2021,12,6,7,15,150,8.2,MM,MM,MM,MM,MM,MM,23,MM,19,8.7,MM,MM
2021,12,6,6,55,150,7.2,MM,MM,MM,MM,MM,MM,22,MM,19,8.7,MM,MM
2021,12,6,6,35,160,6.2,8.8,MM,MM,MM,MM,MM,23,MM,19,8.7,MM,MM
2021,12,6,6,15,150,6.7,MM,MM,MM,MM,MM,MM,23,MM,19,8.7,MM,MM
2021,12,6,5,55,160,7.2,MM,MM,MM,MM,MM,MM,22,MM,19,8.7,MM,MM
2021,12,6,5,35,160,6.2,9.3,MM,MM,MM,MM,MM,22,MM,19,8.7,MM,MM
2021,12,6,5,15,150,8.2,MM,MM,MM,MM,MM,MM,22,MM,19,8.7,MM,MM
2021,12,6,4,55,150,7.2,MM,MM,MM,MM,MM,MM,22,MM,19,8.7,MM,MM
2021,12,6,4,35,150,6.7,MM,MM,MM,MM,MM,MM,22,MM,19,8.7,MM,MM
2021,12,6,4,15,150,7.7,MM,MM,MM,MM,MM,MM,22,MM,19,8.7,MM,MM
2021,12,6,3,55,160,6.2,MM,MM,MM,MM,MM,MM,22,MM,19,8.7,MM,MM
2021,12,6,3,35,150,7.7,MM,MM,MM,MM,MM,MM,22,MM,18,8.7,MM,MM
2021,12,6,3,15,150,7.7,MM,MM,MM,MM,MM,MM,22,MM,18,8.7,MM,MM
2021,12,6,2,55,150,8.2,MM,MM,MM,MM,MM,MM,22,MM,18,8.7,MM,MM
2021,12,6,2,35,150,7.7,MM,MM,MM,MM,MM,MM,22,MM,18,8.7,MM,MM
2021,12,6,2,15,150,7.7,MM,MM,MM,MM,MM,MM,22,MM,18,8.7,MM,MM
2021,12,6,1,55,150,7.7,MM,MM,MM,MM,MM,MM,22,MM,18,8.7,MM,MM
2021,12,6,1,35,150,7.2,MM,MM,MM,MM,MM,MM,22,MM,17,8.7,MM,MM
2021,12,6,1,15,150,7.2,MM,MM,MM,MM,MM,MM,22,MM,17,8.7,MM,MM
2021,12,6,0,55,150,7.2,MM,MM,MM,MM,MM,MM,22,MM,17,8.7,MM,MM
2021,12,6,0,35,150,6.2,MM,MM,MM,MM,MM,MM,22,MM,17,8.7,MM,MM
2021,12,6,0,15,150,6.2,MM,MM,MM,MM,MM,MM,22,MM,17,8.7,MM,MM
2021,12,5,23,55,150,6.7,MM,MM,MM,MM,MM,MM,22,MM,17,8.7,MM,MM
2021,12,5,23,35,150,7.2,MM,MM,MM,MM,MM,MM,22,MM,17,8.7,MM,MM
2021,12,5,23,15,150,7.7,MM,MM,MM,MM,MM,MM,22,MM,17,8.7,MM,MM
2021,12,5,22,55,150,7.7,MM,MM,MM,MM,MM,MM,22,MM,17,8.7,MM,MM
2021,12,5,22,35,140,7.7,MM,MM,MM,MM,MM,MM,22,MM,17,8.7,MM,MM
2021,12,5,22,15,140,7.7,MM,MM,MM,MM,MM,MM,22,MM,18,8.7,MM,MM
2021,12,5,21,55,140,7.2,MM,MM,MM,MM,MM,MM,22,MM,18,8.7,MM,MM
2021,12,5,21,35,140,7.2,MM,MM,MM,MM,MM,MM,22,MM,18,8.7,MM,MM
2021,12,5,21,15,150,7.7,MM,MM,MM,MM,MM,MM,22,MM,17,8.7,MM,MM
2021,12,5,20,55,140,7.7,MM,MM,MM,MM,MM,MM,22,MM,18,8.7,MM,MM
2021,12,5,20,35,140,7.7,MM,MM,MM,MM,MM,MM,22,MM,18,8.7,MM,MM
2021,12,5,20,15,140,8.2,MM,MM,MM,MM,MM,MM,22,MM,17,8.7,MM,MM
2021,12,5,19,55,MM,MM,MM,MM,MM,MM,MM,MM,MM,MM,MM,MM,MM,MM
2021,12,5,19,35,140,8.2,MM,MM,MM,MM,MM,MM,22,MM,18,8.7,MM,MM
2021,12,5,19,15,140,7.7,MM,MM,MM,MM,MM,MM,22,MM,18,8.7,MM,MM
2021,12,5,18,55,140,8.2,MM,MM,MM,MM,MM,MM,22,MM,17,8.7,MM,MM
2021,12,5,18,35,140,8.8,MM,MM,MM,MM,MM,MM,22,MM,17,8.7,MM,MM
2021,12,5,18,15,150,8.8,MM,MM,MM,MM,MM,MM,22,MM,18,8.7,MM,MM
2021,12,5,17,55,140,8.2,MM,MM,MM,MM,MM,MM,22,MM,18,8.7,MM,MM
2021,12,5,17,35,150,8.8,11.3,MM,MM,MM,MM,MM,22,MM,17,8.7,MM,MM
2021,12,5,17,15,150,8.2,MM,MM,MM,MM,MM,MM,22,MM,18,8.7,MM,MM
2021,12,5,16,55,150,7.7,MM,MM,MM,MM,MM,MM,22,MM,18,8.7,MM,MM
2021,12,5,16,35,140,7.7,MM,MM,MM,MM,MM,MM,22,MM,18,8.7,MM,MM
2021,12,5,16,15,140,7.2,MM,MM,MM,MM,MM,MM,23,MM,18,8.7,MM,MM
2021,12,5,15,55,150,7.2,MM,MM,MM,MM,MM,MM,23,MM,18,8.7,MM,MM
2021,12,5,15,35,140,7.2,MM,MM,MM,MM,MM,MM,23,MM,17,8.7,MM,MM
2021,12,5,15,15,150,7.2,MM,MM,MM,MM,MM,MM,23,MM,17,8.7,MM,MM
2021,12,5,14,55,150,8.2,MM,MM,MM,MM,MM,MM,23,MM,17,8.7,MM,MM
2021,12,5,14,35,150,8.2,MM,MM,MM,MM,MM,MM,22,MM,17,8.7,MM,MM
2021,12,5,14,15,150,7.7,MM,MM,MM,MM,MM,MM,22,MM,17,8.7,MM,MM
2021,12,5,13,55,150,7.7,MM,MM,MM,MM,MM,MM,23,MM,18,8.7,MM,MM
2021,12,5,13,35,140,7.2,MM,MM,MM,MM,MM,MM,22,MM,18,8.7,MM,MM
2021,12,5,13,15,140,7.2,MM,MM,MM,MM,MM,MM,22,MM,17,8.7,MM,MM
2021,12,5,12,55,140,7.2,MM,MM,MM,MM,MM,MM,22,MM,17,8.7,MM,MM
2021,12,5,12,35,140,6.7,MM,MM,MM,MM,MM,MM,22,MM,17,8.7,MM,MM
2021,12,5,12,15,150,6.7,MM,MM,MM,MM,MM,MM,22,MM,17,8.7,MM,MM
2021,12,5,11,55,140,6.2,MM,MM,MM,MM,MM,MM,22,MM,17,8.7,MM,MM
2021,12,5,11,35,140,6.2,MM,MM,MM,MM,MM,MM,22,MM,16,8.7,MM,MM
2021,12,5,11,15,150,6.7,MM,MM,MM,MM,MM,MM,22,MM,16,8.7,MM,MM
2021,12,5,10,55,150,6.2,MM,MM,MM,MM,MM,MM,22,MM,17,8.7,MM,MM
2021,12,5,10,35,150,6.7,MM,MM,MM,MM,MM,MM,22,MM,17,8.7,MM,MM
2021,12,5,10,15,150,7.2,MM,MM,MM,MM,MM,MM,22,MM,17,8.7,MM,MM
2021,12,5,9,55,150,6.7,MM,MM,MM,MM,MM,MM,22,MM,17,8.7,MM,MM
2021,12,5,9,35,150,6.2,MM,MM,MM,MM,MM,MM,22,MM,17,8.7,MM,MM
2021,12,5,9,15,150,5.7,MM,MM,MM,MM,MM,MM,22,MM,17,8.7,MM,MM
2021,12,5,8,55,150,5.1,MM,MM,MM,MM,MM,MM,22,MM,16,8.7,MM,MM
2021,12,5,8,35,150,5.7,MM,MM,MM,MM,MM,MM,22,MM,16,8.7,MM,MM
2021,12,5,8,15,150,5.7,MM,MM,MM,MM,MM,MM,22,MM,16,8.7,MM,MM
2021,12,5,7,55,140,6.2,MM,MM,MM,MM,MM,MM,22,MM,16,8.7,MM,MM
2021,12,5,7,35,140,6.2,MM,MM,MM,MM,MM,MM,22,MM,16,8.7,MM,MM
2021,12,5,7,15,140,6.2,MM,MM,MM,MM,MM,MM,22,MM,16,8.7,MM,MM
2021,12,5,6,55,140,6.2,MM,MM,MM,MM,MM,MM,22,MM,16,8.7,MM,MM
2021,12,5,6,35,140,5.7,MM,MM,MM,MM,MM,MM,22,MM,16,8.7,MM,MM
2021,12,5,6,15,140,6.2,MM,MM,MM,MM,MM,MM,22,MM,16,8.7,MM,MM
2021,12,5,5,55,140,6.2,MM,MM,MM,MM,MM,MM,22,MM,16,8.7,MM,MM
2021,12,5,5,35,140,6.7,MM,MM,MM,MM,MM,MM,22,MM,15,8.7,MM,MM
2021,12,5,5,15,140,6.7,MM,MM,MM,MM,MM,MM,22,MM,16,8.7,MM,MM
2021,12,5,4,55,140,6.7,MM,MM,MM,MM,MM,MM,22,MM,15,8.7,MM,MM
2021,12,5,4,35,140,6.7,MM,MM,MM,MM,MM,MM,22,MM,15,8.7,MM,MM
2021,12,5,4,15,150,6.2,MM,MM,MM,MM,MM,MM,22,MM,16,8.7,MM,MM
2021,12,5,3,55,150,6.7,MM,MM,MM,MM,MM,MM,22,MM,17,8.7,MM,MM
2021,12,5,3,35,140,5.7,MM,MM,MM,MM,MM,MM,22,MM,16,8.7,MM,MM
2021,12,5,3,15,140,6.7,MM,MM,MM,MM,MM,MM,22,MM,16,8.7,MM,MM
2021,12,5,2,55,150,7.2,MM,MM,MM,MM,MM,MM,22,MM,16,8.7,MM,MM
2021,12,5,2,35,150,6.7,MM,MM,MM,MM,MM,MM,22,MM,16,8.7,MM,MM
2021,12,5,2,15,150,6.2,MM,MM,MM,MM,MM,MM,22,MM,16,8.7,MM,MM
2021,12,5,1,55,140,6.2,MM,MM,MM,MM,MM,MM,22,MM,16,8.7,MM,MM
2021,12,5,1,35,150,6.7,MM,MM,MM,MM,MM,MM,22,MM,16,8.7,MM,MM
2021,12,5,1,15,150,6.2,MM,MM,MM,MM,MM,MM,22,MM,17,8.7,MM,MM
2021,12,5,0,55,140,6.2,MM,MM,MM,MM,MM,MM,22,MM,17,8.7,MM,MM
2021,12,5,0,35,140,6.2,MM,MM,MM,MM,MM,MM,22,MM,17,8.7,MM,MM
2021,12,5,0,15,140,6.2,MM,MM,MM,MM,MM,MM,22,MM,17,8.7,MM,MM
2021,12,4,23,55,140,5.7,MM,MM,MM,MM,MM,MM,22,MM,17,8.7,MM,MM
2021,12,4,23,35,130,5.1,MM,MM,MM,MM,MM,MM,22,MM,17,8.7,MM,MM
2021,12,4,23,15,130,5.1,MM,MM,MM,MM,MM,MM,22,MM,16,8.7,MM,MM
2021,12,4,22,55,130,4.1,MM,MM,MM,MM,MM,MM,22,MM,16,8.7,MM,MM
2021,12,4,22,35,140,4.1,MM,MM,MM,MM,MM,MM,22,MM,16,8.7,MM,MM
2021,12,4,22,15,140,5.1,MM,MM,MM,MM,MM,MM,22,MM,16,8.7,MM,MM
2021,12,4,21,55,130,5.1,MM,MM,MM,MM,MM,MM,22,MM,17,8.7,MM,MM
2021,12,4,21,35,140,5.7,MM,MM,MM,MM,MM,MM,22,MM,17,8.7,MM,MM
2021,12,4,21,15,140,6.2,MM,MM,MM,MM,MM,MM,22,MM,17,8.7,MM,MM
2021,12,4,20,55,130,5.7,MM,MM,MM,MM,MM,MM,22,MM,16,8.7,MM,MM
2021,12,4,20,35,130,5.1,MM,MM,MM,MM,MM,MM,22,MM,16,8.7,MM,MM
2021,12,4,20,15,120,5.1,MM,MM,MM,MM,MM,MM,22,MM,16,8.7,MM,MM
2021,12,4,19,55,120,5.1,MM,MM,MM,MM,MM,MM,22,MM,16,8.7,MM,MM
2021,12,4,19,35,120,5.1,MM,MM,MM,MM,MM,MM,23,MM,17,8.7,MM,MM
2021,12,4,19,15,120,4.1,MM,MM,MM,MM,MM,MM,23,MM,16,8.7,MM,MM
2021,12,4,18,55,110,4.6,MM,MM,MM,MM,MM,MM,23,MM,15,8.7,MM,MM
2021,12,4,18,35,120,4.1,MM,MM,MM,MM,MM,MM,23,MM,15,8.7,MM,MM
2021,12,4,18,15,130,3.6,MM,MM,MM,MM,MM,MM,23,MM,15,8.7,MM,MM
2021,12,4,17,55,130,3.6,MM,MM,MM,MM,MM,MM,23,MM,15,8.7,MM,MM
2021,12,4,17,35,120,3.6,MM,MM,MM,MM,MM,MM,23,MM,15,8.7,MM,MM
2021,12,4,17,15,140,3.1,MM,MM,MM,MM,MM,MM,23,MM,15,8.7,MM,MM
2021,12,4,16,55,150,3.6,MM,MM,MM,MM,MM,MM,23,MM,14,8.7,MM,MM
2021,12,4,16,35,150,4.1,MM,MM,MM,MM,MM,MM,23,MM,13,8.7,MM,MM
2021,12,4,16,15,150,4.6,MM,MM,MM,MM,MM,MM,23,MM,14,8.7,MM,MM
2021,12,4,15,55,150,4.6,MM,MM,MM,MM,MM,MM,23,MM,14,8.7,MM,MM
2021,12,4,15,35,150,4.1,MM,MM,MM,MM,MM,MM,23,MM,15,8.7,MM,MM
2021,12,4,15,15,140,4.6,MM,MM,MM,MM,MM,MM,23,MM,15,8.7,MM,MM
2021,12,4,14,55,150,4.1,MM,MM,MM,MM,MM,MM,23,MM,15,8.7,MM,MM
2021,12,4,14,35,MM,2.6,MM,MM,MM,MM,MM,MM,23,MM,15,8.7,MM,MM
2021,12,4,14,15,MM,2.1,5.1,MM,MM,MM,MM,MM,22,MM,16,8.7,MM,MM
2021,12,4,13,55,190,4.6,MM,MM,MM,MM,MM,MM,22,MM,17,8.7,MM,MM
2021,12,4,13,35,180,4.1,MM,MM,MM,MM,MM,MM,22,MM,16,8.7,MM,MM
2021,12,4,13,15,190,4.1,MM,MM,MM,MM,MM,MM,22,MM,17,8.7,MM,MM
2021,12,4,12,55,MM,2.6,5.1,MM,MM,MM,MM,MM,22,MM,16,8.7,MM,MM
2021,12,4,12,35,MM,2.1,5.7,MM,MM,MM,MM,MM,22,MM,16,8.7,MM,MM
2021,12,4,12,15,190,5.1,MM,MM,MM,MM,MM,MM,22,MM,17,8.7,MM,MM
2021,12,4,11,55,190,3.6,MM,MM,MM,MM,MM,MM,22,MM,16,8.7,MM,MM
2021,12,4,11,35,MM,2.6,5.7,MM,MM,MM,MM,MM,22,MM,16,8.7,MM,MM
2021,12,4,11,15,180,4.1,6.7,MM,MM,MM,MM,MM,22,MM,17,8.7,MM,MM
2021,12,4,10,55,MM,3.1,6.2,MM,MM,MM,MM,MM,22,MM,16,8.7,MM,MM
2021,12,4,10,35,MM,3.1,MM,MM,MM,MM,MM,MM,22,MM,16,8.7,MM,MM
2021,12,4,10,15,180,3.6,MM,MM,MM,MM,MM,MM,22,MM,16,8.7,MM,MM
2021,12,4,9,55,170,3.6,MM,MM,MM,MM,MM,MM,21,MM,16,8.7,MM,MM
2021,12,4,9,35,MM,2.6,6.2,MM,MM,MM,MM,MM,22,MM,17,8.7,MM,MM
2021,12,4,9,15,MM,3.1,5.7,MM,MM,MM,MM,MM,21,MM,16,8.7,MM,MM
2021,12,4,8,55,170,3.6,MM,MM,MM,MM,MM,MM,21,MM,17,8.7,MM,MM
2021,12,4,8,35,160,4.6,MM,MM,MM,MM,MM,MM,21,MM,17,8.7,MM,MM
2021,12,4,8,15,MM,3.1,MM,MM,MM,MM,MM,MM,21,MM,17,8.7,MM,MM
2021,12,4,7,55,MM,2.6,5.7,MM,MM,MM,MM,MM,21,MM,17,8.7,MM,MM
2021,12,4,7,35,170,3.1,MM,MM,MM,MM,MM,MM,21,MM,17,8.7,MM,MM
2021,12,4,7,15,180,3.1,MM,MM,MM,MM,MM,MM,21,MM,17,8.7,MM,MM
2021,12,4,6,55,MM,3.1,6.7,MM,MM,MM,MM,MM,21,MM,17,8.7,MM,MM
2021,12,4,6,35,190,4.6,MM,MM,MM,MM,MM,MM,21,MM,17,8.7,MM,MM
2021,12,4,6,15,190,3.6,MM,MM,MM,MM,MM,MM,21,MM,17,8.7,MM,MM
2021,12,4,5,55,MM,3.1,6.2,MM,MM,MM,MM,MM,21,MM,18,8.7,MM,MM
2021,12,4,5,35,MM,3.1,MM,MM,MM,MM,MM,MM,21,MM,17,8.7,MM,MM
2021,12,4,5,15,180,3.6,MM,MM,MM,MM,MM,MM,21,MM,17,8.7,MM,MM
2021,12,4,4,55,MM,2.6,MM,MM,MM,MM,MM,MM,21,MM,17,8.7,MM,MM
2021,12,4,4,35,150,4.1,MM,MM,MM,MM,MM,MM,21,MM,16,8.7,MM,MM
2021,12,4,4,15,160,4.1,MM,MM,MM,MM,MM,MM,21,MM,17,8.7,MM,MM
2021,12,4,3,55,140,3.6,MM,MM,MM,MM,MM,MM,21,MM,17,8.7,MM,MM
2021,12,4,3,35,140,4.1,MM,MM,MM,MM,MM,MM,21,MM,17,8.7,MM,MM
2021,12,4,3,15,140,4.1,MM,MM,MM,MM,MM,MM,21,MM,17,8.7,MM,MM
2021,12,4,2,55,140,4.1,MM,MM,MM,MM,MM,MM,21,MM,17,8.7,MM,MM
2021,12,4,2,35,140,4.1,MM,MM,MM,MM,MM,MM,21,MM,17,8.7,MM,MM
2021,12,4,2,15,150,3.6,MM,MM,MM,MM,MM,MM,21,MM,17,8.7,MM,MM
2021,12,4,1,55,140,3.6,MM,MM,MM,MM,MM,MM,21,MM,17,8.7,MM,MM
2021,12,4,1,35,140,2.6,MM,MM,MM,MM,MM,MM,21,MM,17,8.7,MM,MM
2021,12,4,1,15,100,2.6,MM,MM,MM,MM,MM,MM,21,MM,17,8.7,MM,MM
2021,12,4,0,55,90,1.5,MM,MM,MM,MM,MM,MM,21,MM,17,8.7,MM,MM
2021,12,4,0,35,40,2.1,MM,MM,MM,MM,MM,MM,21,MM,17,8.7,MM,MM
2021,12,4,0,15,60,2.1,MM,MM,MM,MM,MM,MM,21,MM,17,8.7,MM,MM
2021,12,3,23,55,MM,0,MM,MM,MM,MM,MM,MM,21,MM,17,8.7,MM,MM
2021,12,3,23,35,60,2.6,MM,MM,MM,MM,MM,MM,21,MM,17,8.7,MM,MM
2021,12,3,23,15,90,2.1,MM,MM,MM,MM,MM,MM,21,MM,17,8.7,MM,MM
2021,12,3,22,55,90,2.1,MM,MM,MM,MM,MM,MM,21,MM,17,8.7,MM,MM
2021,12,3,22,35,80,3.1,MM,MM,MM,MM,MM,MM,21,MM,17,8.7,MM,MM
2021,12,3,22,15,70,2.6,MM,MM,MM,MM,MM,MM,21,MM,17,8.7,MM,MM
2021,12,3,21,55,60,3.1,MM,MM,MM,MM,MM,MM,21,MM,17,8.7,MM,MM
2021,12,3,21,35,60,2.6,MM,MM,MM,MM,MM,MM,21,MM,17,8.7,MM,MM
2021,12,3,21,15,60,3.1,MM,MM,MM,MM,MM,MM,21,MM,17,8.7,MM,MM
2021,12,3,20,55,70,2.1,MM,MM,MM,MM,MM,MM,21,MM,17,8.7,MM,MM
2021,12,3,20,35,80,2.1,MM,MM,MM,MM,MM,MM,21,MM,17,8.7,MM,MM
2021,12,3,20,15,90,2.1,MM,MM,MM,MM,MM,MM,21,MM,17,8.7,MM,MM
2021,12,3,7,40,200,2.6,MM,MM,MM,MM,MM,MM,21,MM,16,8.7,MM,MM
2021,12,3,7,35,200,3.1,MM,MM,MM,MM,MM,MM,21,MM,17,8.7,MM,MM
2021,12,3,7,15,180,2.6,MM,MM,MM,MM,MM,MM,21,MM,17,8.7,MM,MM
2021,12,3,6,55,200,3.1,MM,MM,MM,MM,MM,MM,21,MM,16,8.7,MM,MM
2021,12,3,6,35,200,3.1,MM,MM,MM,MM,MM,MM,21,MM,17,8.7,MM,MM
2021,12,3,6,15,200,2.1,MM,MM,MM,MM,MM,MM,21,MM,16,8.7,MM,MM
2021,12,3,5,55,220,2.6,MM,MM,MM,MM,MM,MM,21,MM,16,8.7,MM,MM
2021,12,3,5,35,210,2.6,MM,MM,MM,MM,MM,MM,21,MM,16,8.7,MM,MM
2021,12,3,5,15,210,2.6,MM,MM,MM,MM,MM,MM,21,MM,16,8.7,MM,MM
2021,12,3,4,55,MM,0,MM,MM,MM,MM,MM,MM,21,MM,16,8.7,MM,MM
2021,12,3,4,35,MM,2.6,MM,MM,MM,MM,MM,MM,21,MM,16,8.7,MM,MM
2021,12,3,4,15,MM,0,MM,MM,MM,MM,MM,MM,20,MM,16,8.7,MM,MM
2021,12,3,3,55,MM,0,MM,MM,MM,MM,MM,MM,20,MM,16,8.7,MM,MM
2021,12,3,3,35,MM,2.1,MM,MM,MM,MM,MM,MM,20,MM,16,8.7,MM,MM
2021,12,3,3,15,230,3.6,MM,MM,MM,MM,MM,MM,20,MM,16,8.7,MM,MM
2021,12,3,2,55,MM,2.6,MM,MM,MM,MM,MM,MM,20,MM,16,8.7,MM,MM
2021,12,3,2,35,MM,0,MM,MM,MM,MM,MM,MM,20,MM,16,8.7,MM,MM
2021,12,3,2,15,MM,0,MM,MM,MM,MM,MM,MM,20,MM,16,8.7,MM,MM
2021,12,3,1,55,MM,0,MM,MM,MM,MM,MM,MM,20,MM,16,8.7,MM,MM
2021,12,3,1,35,MM,0,MM,MM,MM,MM,MM,MM,21,MM,16,8.7,MM,MM
2021,12,3,1,15,MM,0,MM,MM,MM,MM,MM,MM,21,MM,16,8.7,MM,MM
2021,12,3,0,50,MM,0,MM,MM,MM,MM,MM,MM,21,MM,16,8.7,MM,MM
2021,12,3,0,35,MM,0,MM,MM,MM,MM,MM,MM,21,MM,16,8.7,MM,MM
2021,12,3,0,15,MM,0,MM,MM,MM,MM,MM,MM,21,MM,16,8.7,MM,MM
2021,12,2,23,55,MM,0,MM,MM,MM,MM,MM,MM,21,MM,16,8.7,MM,MM
2021,12,2,23,35,MM,0,MM,MM,MM,MM,MM,MM,21,MM,16,8.7,MM,MM
2021,12,2,22,55,MM,0,MM,MM,MM,MM,MM,MM,21,MM,16,8.7,MM,MM
2021,12,2,22,35,MM,1.5,MM,MM,MM,MM,MM,MM,21,MM,16,8.7,MM,MM
